title,description,category,resolution,priority,request_type
dhcp lease issue,monitoring flagged dhcp lease unresponsive; dns resolution intermittent for the team; dhcp lease intermittent,Network,"Checked DNS, firewall and routing config; restored the affected network path.",Medium,Incident
dhcp lease fault,dhcp lease degraded; wifi recurring across several users; dhcp lease flapping,Network,"Checked DNS, firewall and routing config; restored the affected network path.",Medium,Incident
dns resolution alert,we are seeing dns resolution delayed; packet loss recurring during the night shift; dns resolution failing,Network,"Checked DNS, firewall and routing config; restored the affected network path.",Medium,Incident
packet loss fault,tracking packet loss unresponsive; routing table failing in production; packet loss unstable,Network,"Checked DNS, firewall and routing config; restored the affected network path.",Medium,Incident
subnet alert,tracking subnet stalling; firewall rule degraded for the team; subnet degraded,Network,"Checked DNS, firewall and routing config; restored the affected network path.",Medium,Incident
vlan fault,users report vlan unresponsive; mtu failing during the night shift; vlan erratic,Network,"Checked DNS, firewall and routing config; restored the affected network path.",Medium,Incident
dns resolution ticket,we are seeing dns resolution recurring; gateway stalling for the team; dns resolution recurring,Network,"Checked DNS, firewall and routing config; restored the affected network path.",Medium,Incident
vpn tunnel alert,users report vpn tunnel unresponsive; dhcp lease degraded during the night shift; vpn tunnel intermittent,Network,"Checked DNS, firewall and routing config; restored the affected network path.",Medium,Incident
subnet case,noticed that subnet stalling; routing table unstable at multiple sites; subnet stalling,Network,"Checked DNS, firewall and routing config; restored the affected network path.",Medium,Incident
dhcp lease case,we are seeing dhcp lease degraded; subnet recurring in one department; dhcp lease unstable,Network,"Checked DNS, firewall and routing config; restored the affected network path.",Medium,Incident
routing table ticket,routing table delayed; switch port intermittent at multiple sites; routing table stalling,Network,"Checked DNS, firewall and routing config; restored the affected network path.",Medium,Incident
mtu request,users report mtu stalling; vpn tunnel flapping at multiple sites; mtu unresponsive,Network,"Checked DNS, firewall and routing config; restored the affected network path.",Medium,Incident
bandwidth ticket,escalated because bandwidth intermittent; wifi erratic in one department; bandwidth flapping,Network,"Checked DNS, firewall and routing config; restored the affected network path.",Medium,Incident
subnet alert,tracking subnet delayed; firewall rule delayed during the night shift; subnet unresponsive,Network,"Checked DNS, firewall and routing config; restored the affected network path.",Medium,Incident
vlan alert,vlan delayed; packet loss erratic for the team; vlan degraded,Network,"Checked DNS, firewall and routing config; restored the affected network path.",Medium,Incident
firewall rule alert,tracking firewall rule flapping; dhcp lease recurring during the night shift; firewall rule degraded,Network,"Checked DNS, firewall and routing config; restored the affected network path.",Medium,Incident
bandwidth fault,users report bandwidth unresponsive; routing table delayed in a branch office; bandwidth failing,Network,"Checked DNS, firewall and routing config; restored the affected network path.",Medium,Incident
latency ticket,monitoring flagged latency degraded; dhcp lease unresponsive after the upgrade; latency flapping,Network,"Checked DNS, firewall and routing config; restored the affected network path.",Medium,Incident
vpn tunnel case,users report vpn tunnel unresponsive; wifi delayed in a branch office; vpn tunnel unstable,Network,"Checked DNS, firewall and routing config; restored the affected network path.",Medium,Incident
mtu fault,noticed that mtu recurring; dhcp lease intermittent in one department; mtu unstable,Network,"Checked DNS, firewall and routing config; restored the affected network path.",Medium,Incident
gateway fault,escalated because gateway failing; latency recurring across several users; gateway stalling,Network,"Checked DNS, firewall and routing config; restored the affected network path.",Medium,Incident
dns resolution request,we are seeing dns resolution unresponsive; vlan intermittent for the team; dns resolution failing,Network,"Checked DNS, firewall and routing config; restored the affected network path.",Medium,Incident
dns resolution report,monitoring flagged dns resolution degraded; wifi delayed after the upgrade; dns resolution unstable,Network,"Checked DNS, firewall and routing config; restored the affected network path.",Medium,Incident
gateway ticket,we are seeing gateway delayed; firewall rule recurring at multiple sites; gateway flapping,Network,"Checked DNS, firewall and routing config; restored the affected network path.",Medium,Incident
wifi report,escalated because wifi stalling; subnet erratic for the team; wifi delayed,Network,"Checked DNS, firewall and routing config; restored the affected network path.",Medium,Incident
packet loss issue,we are seeing packet loss stalling; mtu failing at multiple sites; packet loss recurring,Network,"Checked DNS, firewall and routing config; restored the affected network path.",Medium,Incident
vpn tunnel case,vpn tunnel failing; dns resolution intermittent in production; vpn tunnel degraded,Network,"Checked DNS, firewall and routing config; restored the affected network path.",Medium,Incident
dns resolution alert,monitoring flagged dns resolution unresponsive; gateway erratic after the upgrade; dns resolution intermittent,Network,"Checked DNS, firewall and routing config; restored the affected network path.",Medium,Incident
packet loss report,users report packet loss flapping; latency intermittent during the night shift; packet loss degraded,Network,"Checked DNS, firewall and routing config; restored the affected network path.",Medium,Incident
vlan report,vlan erratic; switch port failing during the night shift; vlan degraded,Network,"Checked DNS, firewall and routing config; restored the affected network path.",Medium,Incident
wifi request,we are seeing wifi degraded; vlan intermittent after the upgrade; wifi intermittent,Network,"Checked DNS, firewall and routing config; restored the affected network path.",Medium,Incident
firewall rule alert,users report firewall rule unresponsive; switch port erratic after the upgrade; firewall rule intermittent,Network,"Checked DNS, firewall and routing config; restored the affected network path.",Medium,Incident
latency issue,users report latency failing; gateway delayed at multiple sites; latency failing,Network,"Checked DNS, firewall and routing config; restored the affected network path.",Medium,Incident
firewall rule report,firewall rule erratic; switch port intermittent in one department; firewall rule flapping,Network,"Checked DNS, firewall and routing config; restored the affected network path.",Medium,Incident
switch port report,tracking switch port unresponsive; vpn tunnel erratic after the upgrade; switch port unresponsive,Network,"Checked DNS, firewall and routing config; restored the affected network path.",Medium,Incident
firewall rule ticket,firewall rule intermittent; packet loss failing in production; firewall rule recurring,Network,"Checked DNS, firewall and routing config; restored the affected network path.",Medium,Incident
vpn tunnel fault,monitoring flagged vpn tunnel erratic; mtu delayed across several users; vpn tunnel delayed,Network,"Checked DNS, firewall and routing config; restored the affected network path.",Medium,Incident
gateway request,users report gateway unstable; dns resolution degraded at multiple sites; gateway recurring,Network,"Checked DNS, firewall and routing config; restored the affected network path.",Medium,Incident
switch port fault,switch port intermittent; dns resolution recurring for the team; switch port recurring,Network,"Checked DNS, firewall and routing config; restored the affected network path.",Medium,Incident
switch port fault,ongoing switch port recurring; dhcp lease delayed at multiple sites; switch port stalling,Network,"Checked DNS, firewall and routing config; restored the affected network path.",Medium,Incident
dhcp lease ticket,monitoring flagged dhcp lease intermittent; wifi unresponsive in a branch office; dhcp lease flapping,Network,"Checked DNS, firewall and routing config; restored the affected network path.",Medium,Incident
routing table request,users report routing table degraded; vlan failing for the team; routing table erratic,Network,"Checked DNS, firewall and routing config; restored the affected network path.",Medium,Incident
gateway fault,users report gateway unresponsive; packet loss unstable at multiple sites; gateway stalling,Network,"Checked DNS, firewall and routing config; restored the affected network path.",Medium,Incident
vlan alert,vlan erratic; subnet delayed in a branch office; vlan unresponsive,Network,"Checked DNS, firewall and routing config; restored the affected network path.",Medium,Incident
dhcp lease alert,monitoring flagged dhcp lease unresponsive; dns resolution degraded in a branch office; dhcp lease degraded,Network,"Checked DNS, firewall and routing config; restored the affected network path.",Medium,Incident
subnet alert,escalated because subnet stalling; bandwidth intermittent in a branch office; subnet unresponsive,Network,"Checked DNS, firewall and routing config; restored the affected network path.",Medium,Incident
mtu issue,mtu flapping; vpn tunnel unresponsive in production; mtu failing,Network,"Checked DNS, firewall and routing config; restored the affected network path.",Medium,Incident
latency case,tracking latency unresponsive; firewall rule unstable across several users; latency erratic,Network,"Checked DNS, firewall and routing config; restored the affected network path.",Medium,Incident
dns resolution case,noticed that dns resolution unstable; mtu delayed in one department; dns resolution failing,Network,"Checked DNS, firewall and routing config; restored the affected network path.",Medium,Incident
switch port issue,noticed that switch port unresponsive; firewall rule stalling at multiple sites; switch port failing,Network,"Checked DNS, firewall and routing config; restored the affected network path.",Medium,Incident
dhcp lease case,tracking dhcp lease degraded; packet loss stalling in one department; dhcp lease delayed,Network,"Checked DNS, firewall and routing config; restored the affected network path.",Medium,Incident
packet loss request,monitoring flagged packet loss unstable; firewall rule flapping in production; packet loss failing,Network,"Checked DNS, firewall and routing config; restored the affected network path.",Medium,Incident
latency request,users report latency intermittent; switch port unresponsive during the night shift; latency unstable,Network,"Checked DNS, firewall and routing config; restored the affected network path.",Medium,Incident
mtu request,escalated because mtu erratic; vpn tunnel intermittent in production; mtu intermittent,Network,"Checked DNS, firewall and routing config; restored the affected network path.",Medium,Incident
subnet request,we are seeing subnet intermittent; latency intermittent during the night shift; subnet failing,Network,"Checked DNS, firewall and routing config; restored the affected network path.",Medium,Incident
vlan request,tracking vlan degraded; subnet unresponsive in production; vlan stalling,Network,"Checked DNS, firewall and routing config; restored the affected network path.",Medium,Incident
vpn tunnel ticket,vpn tunnel unstable; dns resolution recurring for the team; vpn tunnel unresponsive,Network,"Checked DNS, firewall and routing config; restored the affected network path.",Medium,Incident
bandwidth ticket,users report bandwidth stalling; switch port flapping during the night shift; bandwidth recurring,Network,"Checked DNS, firewall and routing config; restored the affected network path.",Medium,Incident
bandwidth ticket,we are seeing bandwidth failing; packet loss flapping in production; bandwidth failing,Network,"Checked DNS, firewall and routing config; restored the affected network path.",Medium,Incident
switch port case,users report switch port stalling; dns resolution recurring in a branch office; switch port stalling,Network,"Checked DNS, firewall and routing config; restored the affected network path.",Medium,Incident
gateway case,ongoing gateway flapping; subnet stalling in one department; gateway flapping,Network,"Checked DNS, firewall and routing config; restored the affected network path.",Medium,Incident
packet loss case,ongoing packet loss flapping; switch port unstable during the night shift; packet loss recurring,Network,"Checked DNS, firewall and routing config; restored the affected network path.",Medium,Incident
gateway ticket,noticed that gateway unresponsive; vpn tunnel intermittent after the upgrade; gateway flapping,Network,"Checked DNS, firewall and routing config; restored the affected network path.",Medium,Incident
routing table case,monitoring flagged routing table intermittent; mtu delayed for the team; routing table erratic,Network,"Checked DNS, firewall and routing config; restored the affected network path.",Medium,Incident
subnet case,we are seeing subnet recurring; gateway stalling in a branch office; subnet degraded,Network,"Checked DNS, firewall and routing config; restored the affected network path.",Medium,Incident
packet loss alert,we are seeing packet loss unstable; latency failing after the upgrade; packet loss failing,Network,"Checked DNS, firewall and routing config; restored the affected network path.",Medium,Incident
bandwidth issue,we are seeing bandwidth erratic; latency flapping during the night shift; bandwidth recurring,Network,"Checked DNS, firewall and routing config; restored the affected network path.",Medium,Incident
routing table alert,tracking routing table unstable; switch port failing at multiple sites; routing table degraded,Network,"Checked DNS, firewall and routing config; restored the affected network path.",Medium,Incident
firewall rule case,we are seeing firewall rule delayed; latency erratic for the team; firewall rule failing,Network,"Checked DNS, firewall and routing config; restored the affected network path.",Medium,Incident
routing table request,noticed that routing table erratic; firewall rule delayed after the upgrade; routing table delayed,Network,"Checked DNS, firewall and routing config; restored the affected network path.",Medium,Incident
bandwidth fault,monitoring flagged bandwidth flapping; wifi delayed after the upgrade; bandwidth erratic,Network,"Checked DNS, firewall and routing config; restored the affected network path.",Medium,Incident
routing table request,escalated because routing table intermittent; subnet unresponsive at multiple sites; routing table delayed,Network,"Checked DNS, firewall and routing config; restored the affected network path.",Medium,Incident
subnet issue,noticed that subnet unresponsive; routing table intermittent in production; subnet unresponsive,Network,"Checked DNS, firewall and routing config; restored the affected network path.",Medium,Incident
gateway alert,monitoring flagged gateway unstable; dns resolution intermittent at multiple sites; gateway flapping,Network,"Checked DNS, firewall and routing config; restored the affected network path.",Medium,Incident
dns resolution report,tracking dns resolution stalling; switch port delayed across several users; dns resolution erratic,Network,"Checked DNS, firewall and routing config; restored the affected network path.",Medium,Incident
packet loss report,tracking packet loss recurring; switch port failing after the upgrade; packet loss recurring,Network,"Checked DNS, firewall and routing config; restored the affected network path.",Medium,Incident
vpn tunnel ticket,we are seeing vpn tunnel flapping; vlan flapping after the upgrade; vpn tunnel delayed,Network,"Checked DNS, firewall and routing config; restored the affected network path.",Medium,Incident
packet loss report,noticed that packet loss erratic; subnet failing during the night shift; packet loss flapping,Network,"Checked DNS, firewall and routing config; restored the affected network path.",Medium,Incident
wifi request,wifi erratic; firewall rule unstable during the night shift; wifi recurring,Network,"Checked DNS, firewall and routing config; restored the affected network path.",Medium,Incident
bandwidth case,monitoring flagged bandwidth failing; mtu degraded after the upgrade; bandwidth flapping,Network,"Checked DNS, firewall and routing config; restored the affected network path.",Medium,Incident
firewall rule ticket,escalated because firewall rule flapping; vpn tunnel stalling in production; firewall rule intermittent,Network,"Checked DNS, firewall and routing config; restored the affected network path.",Medium,Incident
vlan report,users report vlan unresponsive; latency flapping after the upgrade; vlan unresponsive,Network,"Checked DNS, firewall and routing config; restored the affected network path.",Medium,Incident
vpn tunnel fault,users report vpn tunnel failing; wifi stalling across several users; vpn tunnel intermittent,Network,"Checked DNS, firewall and routing config; restored the affected network path.",Medium,Incident
latency alert,monitoring flagged latency intermittent; vpn tunnel failing at multiple sites; latency recurring,Network,"Checked DNS, firewall and routing config; restored the affected network path.",Medium,Incident
firewall rule case,escalated because firewall rule degraded; routing table recurring in a branch office; firewall rule intermittent,Network,"Checked DNS, firewall and routing config; restored the affected network path.",Medium,Incident
latency alert,monitoring flagged latency recurring; vlan recurring in a branch office; latency degraded,Network,"Checked DNS, firewall and routing config; restored the affected network path.",Medium,Incident
dns resolution issue,tracking dns resolution unresponsive; bandwidth recurring at multiple sites; dns resolution flapping,Network,"Checked DNS, firewall and routing config; restored the affected network path.",Medium,Incident
dns resolution case,users report dns resolution intermittent; bandwidth degraded across several users; dns resolution unresponsive,Network,"Checked DNS, firewall and routing config; restored the affected network path.",Medium,Incident
vlan report,noticed that vlan stalling; gateway degraded across several users; vlan delayed,Network,"Checked DNS, firewall and routing config; restored the affected network path.",Medium,Incident
mtu request,noticed that mtu erratic; switch port degraded after the upgrade; mtu flapping,Network,"Checked DNS, firewall and routing config; restored the affected network path.",Medium,Incident
wifi report,escalated because wifi unstable; firewall rule delayed after the upgrade; wifi unresponsive,Network,"Checked DNS, firewall and routing config; restored the affected network path.",Medium,Incident
switch port fault,users report switch port unresponsive; wifi stalling in a branch office; switch port intermittent,Network,"Checked DNS, firewall and routing config; restored the affected network path.",Medium,Incident
routing table request,tracking routing table erratic; packet loss recurring in production; routing table recurring,Network,"Checked DNS, firewall and routing config; restored the affected network path.",Medium,Incident
vpn tunnel request,we are seeing vpn tunnel stalling; routing table unstable in production; vpn tunnel erratic,Network,"Checked DNS, firewall and routing config; restored the affected network path.",Medium,Incident
latency ticket,latency unresponsive; subnet recurring at multiple sites; latency unresponsive,Network,"Checked DNS, firewall and routing config; restored the affected network path.",Medium,Incident
dns resolution case,we are seeing dns resolution flapping; packet loss erratic after the upgrade; dns resolution delayed,Network,"Checked DNS, firewall and routing config; restored the affected network path.",Medium,Incident
dhcp lease report,ongoing dhcp lease erratic; wifi failing at multiple sites; dhcp lease degraded,Network,"Checked DNS, firewall and routing config; restored the affected network path.",Medium,Incident
switch port alert,escalated because switch port unresponsive; wifi recurring in production; switch port stalling,Network,"Checked DNS, firewall and routing config; restored the affected network path.",Medium,Incident
switch port fault,ongoing switch port stalling; wifi stalling in a branch office; switch port erratic,Network,"Checked DNS, firewall and routing config; restored the affected network path.",Medium,Incident
subnet issue,monitoring flagged subnet intermittent; packet loss stalling at multiple sites; subnet degraded,Network,"Checked DNS, firewall and routing config; restored the affected network path.",Medium,Incident
packet loss report,ongoing packet loss unresponsive; wifi recurring for the team; packet loss delayed,Network,"Checked DNS, firewall and routing config; restored the affected network path.",Medium,Incident
mtu ticket,ongoing mtu intermittent; packet loss stalling across several users; mtu unstable,Network,"Checked DNS, firewall and routing config; restored the affected network path.",Medium,Incident
wifi alert,ongoing wifi unresponsive; gateway failing in one department; wifi failing,Network,"Checked DNS, firewall and routing config; restored the affected network path.",Medium,Incident
dhcp lease report,ongoing dhcp lease degraded; latency failing after the upgrade; dhcp lease recurring,Network,"Checked DNS, firewall and routing config; restored the affected network path.",Medium,Incident
routing table ticket,escalated because routing table unstable; mtu failing for the team; routing table unresponsive,Network,"Checked DNS, firewall and routing config; restored the affected network path.",Medium,Incident
mtu report,mtu erratic; dns resolution degraded in one department; mtu recurring,Network,"Checked DNS, firewall and routing config; restored the affected network path.",Medium,Incident
firewall rule fault,users report firewall rule unresponsive; latency degraded during the night shift; firewall rule intermittent,Network,"Checked DNS, firewall and routing config; restored the affected network path.",Medium,Incident
bandwidth request,tracking bandwidth recurring; mtu intermittent after the upgrade; bandwidth delayed,Network,"Checked DNS, firewall and routing config; restored the affected network path.",Medium,Incident
routing table request,routing table recurring; subnet flapping for the team; routing table unresponsive,Network,"Checked DNS, firewall and routing config; restored the affected network path.",Medium,Incident
latency case,monitoring flagged latency intermittent; packet loss unresponsive at multiple sites; latency degraded,Network,"Checked DNS, firewall and routing config; restored the affected network path.",Medium,Incident
firewall rule issue,escalated because firewall rule unstable; gateway failing after the upgrade; firewall rule flapping,Network,"Checked DNS, firewall and routing config; restored the affected network path.",Medium,Incident
subnet alert,users report subnet unresponsive; vpn tunnel unresponsive at multiple sites; subnet erratic,Network,"Checked DNS, firewall and routing config; restored the affected network path.",Medium,Incident
subnet request,users report subnet recurring; latency intermittent at multiple sites; subnet flapping,Network,"Checked DNS, firewall and routing config; restored the affected network path.",Medium,Incident
dhcp lease ticket,monitoring flagged dhcp lease unstable; firewall rule degraded in a branch office; dhcp lease failing,Network,"Checked DNS, firewall and routing config; restored the affected network path.",Medium,Incident
bandwidth request,users report bandwidth recurring; wifi unresponsive after the upgrade; bandwidth erratic,Network,"Checked DNS, firewall and routing config; restored the affected network path.",Medium,Incident
wifi case,escalated because wifi flapping; subnet unresponsive after the upgrade; wifi delayed,Network,"Checked DNS, firewall and routing config; restored the affected network path.",Medium,Incident
dns resolution issue,ongoing dns resolution flapping; bandwidth stalling across several users; dns resolution recurring,Network,"Checked DNS, firewall and routing config; restored the affected network path.",Medium,Incident
dns resolution case,ongoing dns resolution recurring; packet loss recurring across several users; dns resolution failing,Network,"Checked DNS, firewall and routing config; restored the affected network path.",Medium,Incident
latency alert,ongoing latency erratic; mtu delayed in one department; latency erratic,Network,"Checked DNS, firewall and routing config; restored the affected network path.",Medium,Incident
bandwidth case,noticed that bandwidth erratic; switch port degraded during the night shift; bandwidth erratic,Network,"Checked DNS, firewall and routing config; restored the affected network path.",Medium,Incident
vlan case,tracking vlan degraded; mtu unstable after the upgrade; vlan stalling,Network,"Checked DNS, firewall and routing config; restored the affected network path.",Medium,Incident
subnet report,users report subnet delayed; dhcp lease failing in production; subnet erratic,Network,"Checked DNS, firewall and routing config; restored the affected network path.",Medium,Incident
subnet issue,escalated because subnet flapping; vlan delayed during the night shift; subnet failing,Network,"Checked DNS, firewall and routing config; restored the affected network path.",Medium,Incident
vpn tunnel fault,escalated because vpn tunnel stalling; packet loss recurring across several users; vpn tunnel erratic,Network,"Checked DNS, firewall and routing config; restored the affected network path.",Medium,Incident
packet loss fault,escalated because packet loss unstable; subnet unresponsive for the team; packet loss erratic,Network,"Checked DNS, firewall and routing config; restored the affected network path.",Medium,Incident
vpn tunnel fault,vpn tunnel intermittent; dhcp lease unstable during the night shift; vpn tunnel unresponsive,Network,"Checked DNS, firewall and routing config; restored the affected network path.",Medium,Incident
dns resolution request,monitoring flagged dns resolution degraded; packet loss erratic after the upgrade; dns resolution degraded,Network,"Checked DNS, firewall and routing config; restored the affected network path.",Medium,Incident
wifi fault,escalated because wifi unresponsive; subnet flapping at multiple sites; wifi erratic,Network,"Checked DNS, firewall and routing config; restored the affected network path.",Medium,Incident
routing table alert,monitoring flagged routing table flapping; gateway intermittent for the team; routing table recurring,Network,"Checked DNS, firewall and routing config; restored the affected network path.",Medium,Incident
subnet request,ongoing subnet flapping; latency stalling across several users; subnet delayed,Network,"Checked DNS, firewall and routing config; restored the affected network path.",Medium,Incident
subnet ticket,monitoring flagged subnet recurring; wifi recurring after the upgrade; subnet erratic,Network,"Checked DNS, firewall and routing config; restored the affected network path.",Medium,Incident
gateway ticket,tracking gateway stalling; routing table delayed after the upgrade; gateway delayed,Network,"Checked DNS, firewall and routing config; restored the affected network path.",Medium,Incident
vlan case,we are seeing vlan intermittent; packet loss recurring during the night shift; vlan flapping,Network,"Checked DNS, firewall and routing config; restored the affected network path.",Medium,Incident
vpn tunnel case,monitoring flagged vpn tunnel erratic; vlan flapping after the upgrade; vpn tunnel flapping,Network,"Checked DNS, firewall and routing config; restored the affected network path.",Medium,Incident
vpn tunnel fault,escalated because vpn tunnel recurring; firewall rule stalling for the team; vpn tunnel degraded,Network,"Checked DNS, firewall and routing config; restored the affected network path.",Medium,Incident
gateway issue,users report gateway unstable; routing table flapping after the upgrade; gateway unstable,Network,"Checked DNS, firewall and routing config; restored the affected network path.",Medium,Incident
latency ticket,noticed that latency recurring; subnet flapping during the night shift; latency degraded,Network,"Checked DNS, firewall and routing config; restored the affected network path.",Medium,Incident
vlan case,users report vlan erratic; dhcp lease delayed at multiple sites; vlan failing,Network,"Checked DNS, firewall and routing config; restored the affected network path.",Medium,Incident
dhcp lease ticket,users report dhcp lease intermittent; mtu degraded for the team; dhcp lease flapping,Network,"Checked DNS, firewall and routing config; restored the affected network path.",Medium,Incident
routing table case,noticed that routing table unresponsive; firewall rule failing across several users; routing table failing,Network,"Checked DNS, firewall and routing config; restored the affected network path.",Medium,Incident
subnet ticket,tracking subnet flapping; vlan unstable in one department; subnet intermittent,Network,"Checked DNS, firewall and routing config; restored the affected network path.",Medium,Incident
firewall rule issue,we are seeing firewall rule recurring; mtu flapping after the upgrade; firewall rule recurring,Network,"Checked DNS, firewall and routing config; restored the affected network path.",Medium,Incident
bandwidth alert,ongoing bandwidth erratic; firewall rule unresponsive across several users; bandwidth erratic,Network,"Checked DNS, firewall and routing config; restored the affected network path.",Medium,Incident
latency ticket,escalated because latency delayed; routing table unstable in production; latency degraded,Network,"Checked DNS, firewall and routing config; restored the affected network path.",Medium,Incident
bandwidth case,ongoing bandwidth flapping; subnet unresponsive at multiple sites; bandwidth erratic,Network,"Checked DNS, firewall and routing config; restored the affected network path.",Medium,Incident
switch port issue,noticed that switch port intermittent; routing table flapping in a branch office; switch port recurring,Network,"Checked DNS, firewall and routing config; restored the affected network path.",Medium,Incident
wifi issue,wifi flapping; subnet unresponsive after the upgrade; wifi failing,Network,"Checked DNS, firewall and routing config; restored the affected network path.",Medium,Incident
mtu request,we are seeing mtu intermittent; subnet recurring at multiple sites; mtu stalling,Network,"Checked DNS, firewall and routing config; restored the affected network path.",Medium,Incident
bandwidth case,ongoing bandwidth unstable; subnet degraded after the upgrade; bandwidth failing,Network,"Checked DNS, firewall and routing config; restored the affected network path.",Medium,Incident
vpn tunnel ticket,noticed that vpn tunnel unstable; bandwidth degraded during the night shift; vpn tunnel unresponsive,Network,"Checked DNS, firewall and routing config; restored the affected network path.",Medium,Incident
firewall rule alert,ongoing firewall rule delayed; packet loss stalling in one department; firewall rule delayed,Network,"Checked DNS, firewall and routing config; restored the affected network path.",Medium,Incident
subnet request,escalated because subnet unresponsive; routing table stalling for the team; subnet degraded,Network,"Checked DNS, firewall and routing config; restored the affected network path.",Medium,Incident
firewall rule alert,users report firewall rule flapping; latency delayed during the night shift; firewall rule stalling,Network,"Checked DNS, firewall and routing config; restored the affected network path.",Medium,Incident
vpn tunnel fault,ongoing vpn tunnel degraded; subnet erratic during the night shift; vpn tunnel stalling,Network,"Checked DNS, firewall and routing config; restored the affected network path.",Medium,Incident
mtu ticket,mtu degraded; dhcp lease intermittent in production; mtu erratic,Network,"Checked DNS, firewall and routing config; restored the affected network path.",Medium,Incident
bandwidth case,tracking bandwidth degraded; packet loss erratic for the team; bandwidth unresponsive,Network,"Checked DNS, firewall and routing config; restored the affected network path.",Medium,Incident
firewall rule issue,users report firewall rule unresponsive; vpn tunnel erratic at multiple sites; firewall rule degraded,Network,"Checked DNS, firewall and routing config; restored the affected network path.",Medium,Incident
gateway report,tracking gateway erratic; firewall rule stalling in one department; gateway delayed,Network,"Checked DNS, firewall and routing config; restored the affected network path.",Medium,Incident
switch port issue,ongoing switch port erratic; dhcp lease recurring across several users; switch port flapping,Network,"Checked DNS, firewall and routing config; restored the affected network path.",Medium,Incident
wifi alert,noticed that wifi erratic; vlan erratic for the team; wifi intermittent,Network,"Checked DNS, firewall and routing config; restored the affected network path.",Medium,Incident
dhcp lease fault,ongoing dhcp lease stalling; vlan failing at multiple sites; dhcp lease flapping,Network,"Checked DNS, firewall and routing config; restored the affected network path.",Medium,Incident
dns resolution issue,dns resolution intermittent; routing table recurring in production; dns resolution failing,Network,"Checked DNS, firewall and routing config; restored the affected network path.",Medium,Incident
packet loss request,we are seeing packet loss recurring; firewall rule intermittent at multiple sites; packet loss degraded,Network,"Checked DNS, firewall and routing config; restored the affected network path.",Medium,Incident
mtu ticket,ongoing mtu unstable; packet loss recurring in one department; mtu failing,Network,"Checked DNS, firewall and routing config; restored the affected network path.",Medium,Incident
firewall rule ticket,monitoring flagged firewall rule unstable; gateway degraded across several users; firewall rule failing,Network,"Checked DNS, firewall and routing config; restored the affected network path.",Medium,Incident
vlan request,vlan intermittent; latency recurring in one department; vlan stalling,Network,"Checked DNS, firewall and routing config; restored the affected network path.",Medium,Incident
subnet alert,users report subnet flapping; vpn tunnel delayed after the upgrade; subnet degraded,Network,"Checked DNS, firewall and routing config; restored the affected network path.",Medium,Incident
routing table ticket,escalated because routing table delayed; latency recurring at multiple sites; routing table degraded,Network,"Checked DNS, firewall and routing config; restored the affected network path.",Medium,Incident
bandwidth case,bandwidth delayed; vpn tunnel unresponsive across several users; bandwidth erratic,Network,"Checked DNS, firewall and routing config; restored the affected network path.",Medium,Incident
routing table report,users report routing table degraded; switch port erratic for the team; routing table erratic,Network,"Checked DNS, firewall and routing config; restored the affected network path.",Medium,Incident
vlan alert,noticed that vlan degraded; bandwidth unstable during the night shift; vlan unresponsive,Network,"Checked DNS, firewall and routing config; restored the affected network path.",Medium,Incident
bandwidth ticket,tracking bandwidth erratic; gateway delayed for the team; bandwidth recurring,Network,"Checked DNS, firewall and routing config; restored the affected network path.",Medium,Incident
latency issue,escalated because latency delayed; wifi intermittent at multiple sites; latency flapping,Network,"Checked DNS, firewall and routing config; restored the affected network path.",Medium,Incident
switch port request,users report switch port erratic; vlan flapping in production; switch port flapping,Network,"Checked DNS, firewall and routing config; restored the affected network path.",Medium,Incident
switch port case,escalated because switch port unresponsive; vlan stalling for the team; switch port unstable,Network,"Checked DNS, firewall and routing config; restored the affected network path.",Medium,Incident
dns resolution issue,monitoring flagged dns resolution flapping; mtu degraded across several users; dns resolution stalling,Network,"Checked DNS, firewall and routing config; restored the affected network path.",Medium,Incident
bandwidth fault,noticed that bandwidth stalling; gateway degraded during the night shift; bandwidth flapping,Network,"Checked DNS, firewall and routing config; restored the affected network path.",Medium,Incident
mtu issue,noticed that mtu unresponsive; wifi recurring for the team; mtu unresponsive,Network,"Checked DNS, firewall and routing config; restored the affected network path.",Medium,Incident
bandwidth alert,users report bandwidth unstable; gateway erratic in production; bandwidth intermittent,Network,"Checked DNS, firewall and routing config; restored the affected network path.",Medium,Incident
mtu ticket,we are seeing mtu degraded; gateway unresponsive during the night shift; mtu recurring,Network,"Checked DNS, firewall and routing config; restored the affected network path.",Medium,Incident
mtu request,mtu recurring; gateway recurring in a branch office; mtu delayed,Network,"Checked DNS, firewall and routing config; restored the affected network path.",Medium,Incident
vpn tunnel ticket,vpn tunnel unresponsive; firewall rule stalling in one department; vpn tunnel stalling,Network,"Checked DNS, firewall and routing config; restored the affected network path.",Medium,Incident
mtu fault,mtu flapping; firewall rule degraded for the team; mtu unstable,Network,"Checked DNS, firewall and routing config; restored the affected network path.",Medium,Incident
wifi alert,noticed that wifi flapping; gateway flapping in one department; wifi erratic,Network,"Checked DNS, firewall and routing config; restored the affected network path.",Medium,Incident
vlan case,users report vlan stalling; subnet recurring across several users; vlan recurring,Network,"Checked DNS, firewall and routing config; restored the affected network path.",Medium,Incident
firewall rule request,ongoing firewall rule recurring; mtu failing after the upgrade; firewall rule degraded,Network,"Checked DNS, firewall and routing config; restored the affected network path.",Medium,Incident
dhcp lease report,ongoing dhcp lease recurring; switch port erratic at multiple sites; dhcp lease flapping,Network,"Checked DNS, firewall and routing config; restored the affected network path.",Medium,Incident
latency issue,ongoing latency stalling; gateway flapping after the upgrade; latency degraded,Network,"Checked DNS, firewall and routing config; restored the affected network path.",Medium,Incident
gateway ticket,gateway failing; dhcp lease intermittent across several users; gateway flapping,Network,"Checked DNS, firewall and routing config; restored the affected network path.",Medium,Incident
packet loss alert,noticed that packet loss unstable; subnet unresponsive for the team; packet loss unresponsive,Network,"Checked DNS, firewall and routing config; restored the affected network path.",Medium,Incident
vpn tunnel case,tracking vpn tunnel flapping; routing table unstable at multiple sites; vpn tunnel unstable,Network,"Checked DNS, firewall and routing config; restored the affected network path.",Medium,Incident
gateway request,gateway stalling; mtu degraded during the night shift; gateway flapping,Network,"Checked DNS, firewall and routing config; restored the affected network path.",Medium,Incident
vpn tunnel issue,tracking vpn tunnel stalling; routing table recurring during the night shift; vpn tunnel flapping,Network,"Checked DNS, firewall and routing config; restored the affected network path.",Medium,Incident
subnet report,escalated because subnet failing; dns resolution stalling in production; subnet unstable,Network,"Checked DNS, firewall and routing config; restored the affected network path.",Medium,Incident
dns resolution request,tracking dns resolution degraded; switch port intermittent for the team; dns resolution flapping,Network,"Checked DNS, firewall and routing config; restored the affected network path.",Medium,Incident
switch port case,monitoring flagged switch port stalling; subnet intermittent for the team; switch port stalling,Network,"Checked DNS, firewall and routing config; restored the affected network path.",Medium,Incident
gateway issue,noticed that gateway delayed; dhcp lease delayed in production; gateway intermittent,Network,"Checked DNS, firewall and routing config; restored the affected network path.",Medium,Incident
wifi request,monitoring flagged wifi unstable; dhcp lease intermittent in a branch office; wifi degraded,Network,"Checked DNS, firewall and routing config; restored the affected network path.",Medium,Incident
packet loss fault,escalated because packet loss unstable; firewall rule degraded after the upgrade; packet loss unstable,Network,"Checked DNS, firewall and routing config; restored the affected network path.",Medium,Incident
latency request,noticed that latency recurring; bandwidth erratic in production; latency recurring,Network,"Checked DNS, firewall and routing config; restored the affected network path.",Medium,Incident
api endpoint issue,ongoing api endpoint erratic; frontend erratic across several users; api endpoint unresponsive,Application,Reviewed logs and stack trace; patched the defect and redeployed the service.,Medium,Incident
build pipeline issue,build pipeline unresponsive; backend erratic across several users; build pipeline erratic,Application,Reviewed logs and stack trace; patched the defect and redeployed the service.,Medium,Incident
build pipeline issue,tracking build pipeline degraded; microservice recurring after the upgrade; build pipeline recurring,Application,Reviewed logs and stack trace; patched the defect and redeployed the service.,Medium,Incident
exception thrown request,we are seeing exception thrown failing; backend erratic in production; exception thrown recurring,Application,Reviewed logs and stack trace; patched the defect and redeployed the service.,Medium,Incident
exception thrown fault,users report exception thrown unstable; frontend failing in production; exception thrown erratic,Application,Reviewed logs and stack trace; patched the defect and redeployed the service.,Medium,Incident
payload fault,escalated because payload unstable; stack trace failing after the upgrade; payload intermittent,Application,Reviewed logs and stack trace; patched the defect and redeployed the service.,Medium,Incident
backend fault,ongoing backend unstable; rollback stalling during the night shift; backend stalling,Application,Reviewed logs and stack trace; patched the defect and redeployed the service.,Medium,Incident
code regression case,users report code regression recurring; build pipeline failing in production; code regression stalling,Application,Reviewed logs and stack trace; patched the defect and redeployed the service.,Medium,Incident
stack trace case,monitoring flagged stack trace flapping; backend unresponsive in production; stack trace unresponsive,Application,Reviewed logs and stack trace; patched the defect and redeployed the service.,Medium,Incident
stack trace case,tracking stack trace unstable; exception thrown stalling in one department; stack trace unresponsive,Application,Reviewed logs and stack trace; patched the defect and redeployed the service.,Medium,Incident
exception thrown issue,noticed that exception thrown unresponsive; payload delayed in one department; exception thrown flapping,Application,Reviewed logs and stack trace; patched the defect and redeployed the service.,Medium,Incident
rest call request,noticed that rest call delayed; payload degraded across several users; rest call flapping,Application,Reviewed logs and stack trace; patched the defect and redeployed the service.,Medium,Incident
build pipeline alert,we are seeing build pipeline intermittent; microservice stalling at multiple sites; build pipeline erratic,Application,Reviewed logs and stack trace; patched the defect and redeployed the service.,Medium,Incident
api endpoint issue,api endpoint unresponsive; rollback degraded in production; api endpoint delayed,Application,Reviewed logs and stack trace; patched the defect and redeployed the service.,Medium,Incident
rollback alert,monitoring flagged rollback recurring; exception thrown flapping in one department; rollback unstable,Application,Reviewed logs and stack trace; patched the defect and redeployed the service.,Medium,Incident
payload request,tracking payload unstable; exception thrown erratic in production; payload failing,Application,Reviewed logs and stack trace; patched the defect and redeployed the service.,Medium,Incident
rest call alert,escalated because rest call erratic; payload recurring at multiple sites; rest call unresponsive,Application,Reviewed logs and stack trace; patched the defect and redeployed the service.,Medium,Incident
backend ticket,escalated because backend erratic; deployment intermittent after the upgrade; backend stalling,Application,Reviewed logs and stack trace; patched the defect and redeployed the service.,Medium,Incident
rollback request,tracking rollback flapping; microservice delayed in one department; rollback delayed,Application,Reviewed logs and stack trace; patched the defect and redeployed the service.,Medium,Incident
deployment alert,noticed that deployment unresponsive; exception thrown failing for the team; deployment erratic,Application,Reviewed logs and stack trace; patched the defect and redeployed the service.,Medium,Incident
payload request,monitoring flagged payload degraded; backend unresponsive in a branch office; payload degraded,Application,Reviewed logs and stack trace; patched the defect and redeployed the service.,Medium,Incident
frontend alert,escalated because frontend flapping; backend degraded in production; frontend intermittent,Application,Reviewed logs and stack trace; patched the defect and redeployed the service.,Medium,Incident
null pointer exception issue,we are seeing null pointer exception flapping; code regression delayed during the night shift; null pointer exception stalling,Application,Reviewed logs and stack trace; patched the defect and redeployed the service.,Medium,Incident
stack trace alert,noticed that stack trace failing; build pipeline stalling in one department; stack trace degraded,Application,Reviewed logs and stack trace; patched the defect and redeployed the service.,Medium,Incident
api endpoint ticket,escalated because api endpoint erratic; null pointer exception unstable across several users; api endpoint erratic,Application,Reviewed logs and stack trace; patched the defect and redeployed the service.,Medium,Incident
stack trace ticket,tracking stack trace intermittent; null pointer exception unstable for the team; stack trace delayed,Application,Reviewed logs and stack trace; patched the defect and redeployed the service.,Medium,Incident
rollback alert,we are seeing rollback unresponsive; microservice degraded during the night shift; rollback failing,Application,Reviewed logs and stack trace; patched the defect and redeployed the service.,Medium,Incident
rest call report,rest call degraded; exception thrown degraded at multiple sites; rest call erratic,Application,Reviewed logs and stack trace; patched the defect and redeployed the service.,Medium,Incident
payload ticket,noticed that payload flapping; api endpoint failing at multiple sites; payload recurring,Application,Reviewed logs and stack trace; patched the defect and redeployed the service.,Medium,Incident
exception thrown alert,users report exception thrown degraded; code regression delayed across several users; exception thrown stalling,Application,Reviewed logs and stack trace; patched the defect and redeployed the service.,Medium,Incident
code regression issue,code regression flapping; frontend stalling in production; code regression unresponsive,Application,Reviewed logs and stack trace; patched the defect and redeployed the service.,Medium,Incident
rollback ticket,noticed that rollback intermittent; stack trace degraded in one department; rollback recurring,Application,Reviewed logs and stack trace; patched the defect and redeployed the service.,Medium,Incident
null pointer exception fault,escalated because null pointer exception stalling; build pipeline unstable in one department; null pointer exception erratic,Application,Reviewed logs and stack trace; patched the defect and redeployed the service.,Medium,Incident
rollback issue,we are seeing rollback erratic; api endpoint failing across several users; rollback unresponsive,Application,Reviewed logs and stack trace; patched the defect and redeployed the service.,Medium,Incident
rollback issue,tracking rollback stalling; deployment unresponsive after the upgrade; rollback delayed,Application,Reviewed logs and stack trace; patched the defect and redeployed the service.,Medium,Incident
microservice request,microservice intermittent; null pointer exception unresponsive in production; microservice stalling,Application,Reviewed logs and stack trace; patched the defect and redeployed the service.,Medium,Incident
microservice request,escalated because microservice stalling; stack trace flapping during the night shift; microservice flapping,Application,Reviewed logs and stack trace; patched the defect and redeployed the service.,Medium,Incident
build pipeline report,ongoing build pipeline erratic; api endpoint stalling for the team; build pipeline delayed,Application,Reviewed logs and stack trace; patched the defect and redeployed the service.,Medium,Incident
payload issue,ongoing payload flapping; code regression recurring in production; payload unstable,Application,Reviewed logs and stack trace; patched the defect and redeployed the service.,Medium,Incident
stack trace ticket,tracking stack trace unresponsive; rollback unresponsive in one department; stack trace erratic,Application,Reviewed logs and stack trace; patched the defect and redeployed the service.,Medium,Incident
payload ticket,tracking payload erratic; frontend failing in a branch office; payload stalling,Application,Reviewed logs and stack trace; patched the defect and redeployed the service.,Medium,Incident
rest call issue,monitoring flagged rest call flapping; null pointer exception stalling across several users; rest call delayed,Application,Reviewed logs and stack trace; patched the defect and redeployed the service.,Medium,Incident
api endpoint case,users report api endpoint erratic; exception thrown failing at multiple sites; api endpoint unstable,Application,Reviewed logs and stack trace; patched the defect and redeployed the service.,Medium,Incident
rollback ticket,rollback stalling; rest call flapping in one department; rollback recurring,Application,Reviewed logs and stack trace; patched the defect and redeployed the service.,Medium,Incident
rest call ticket,monitoring flagged rest call stalling; frontend erratic in production; rest call degraded,Application,Reviewed logs and stack trace; patched the defect and redeployed the service.,Medium,Incident
code regression case,code regression unresponsive; build pipeline intermittent in one department; code regression degraded,Application,Reviewed logs and stack trace; patched the defect and redeployed the service.,Medium,Incident
frontend report,ongoing frontend delayed; backend degraded after the upgrade; frontend unresponsive,Application,Reviewed logs and stack trace; patched the defect and redeployed the service.,Medium,Incident
deployment ticket,monitoring flagged deployment erratic; exception thrown intermittent for the team; deployment degraded,Application,Reviewed logs and stack trace; patched the defect and redeployed the service.,Medium,Incident
frontend case,noticed that frontend erratic; api endpoint degraded for the team; frontend stalling,Application,Reviewed logs and stack trace; patched the defect and redeployed the service.,Medium,Incident
backend ticket,noticed that backend unresponsive; rollback unstable at multiple sites; backend unstable,Application,Reviewed logs and stack trace; patched the defect and redeployed the service.,Medium,Incident
stack trace request,stack trace unstable; deployment intermittent in production; stack trace erratic,Application,Reviewed logs and stack trace; patched the defect and redeployed the service.,Medium,Incident
backend ticket,users report backend erratic; exception thrown delayed for the team; backend unstable,Application,Reviewed logs and stack trace; patched the defect and redeployed the service.,Medium,Incident
microservice case,tracking microservice erratic; code regression delayed for the team; microservice flapping,Application,Reviewed logs and stack trace; patched the defect and redeployed the service.,Medium,Incident
api endpoint case,noticed that api endpoint degraded; build pipeline erratic in one department; api endpoint erratic,Application,Reviewed logs and stack trace; patched the defect and redeployed the service.,Medium,Incident
rollback case,tracking rollback recurring; backend unstable across several users; rollback unstable,Application,Reviewed logs and stack trace; patched the defect and redeployed the service.,Medium,Incident
stack trace alert,noticed that stack trace unresponsive; backend unstable at multiple sites; stack trace unstable,Application,Reviewed logs and stack trace; patched the defect and redeployed the service.,Medium,Incident
build pipeline ticket,ongoing build pipeline degraded; backend unresponsive in one department; build pipeline intermittent,Application,Reviewed logs and stack trace; patched the defect and redeployed the service.,Medium,Incident
rest call fault,monitoring flagged rest call delayed; microservice degraded in one department; rest call delayed,Application,Reviewed logs and stack trace; patched the defect and redeployed the service.,Medium,Incident
api endpoint fault,api endpoint recurring; rest call stalling across several users; api endpoint recurring,Application,Reviewed logs and stack trace; patched the defect and redeployed the service.,Medium,Incident
stack trace case,tracking stack trace recurring; null pointer exception unresponsive across several users; stack trace intermittent,Application,Reviewed logs and stack trace; patched the defect and redeployed the service.,Medium,Incident
frontend fault,we are seeing frontend unresponsive; rest call unresponsive during the night shift; frontend erratic,Application,Reviewed logs and stack trace; patched the defect and redeployed the service.,Medium,Incident
microservice issue,tracking microservice failing; frontend unstable after the upgrade; microservice erratic,Application,Reviewed logs and stack trace; patched the defect and redeployed the service.,Medium,Incident
frontend ticket,noticed that frontend recurring; deployment unstable in production; frontend stalling,Application,Reviewed logs and stack trace; patched the defect and redeployed the service.,Medium,Incident
code regression request,users report code regression stalling; api endpoint delayed in production; code regression delayed,Application,Reviewed logs and stack trace; patched the defect and redeployed the service.,Medium,Incident
deployment issue,monitoring flagged deployment unresponsive; frontend erratic for the team; deployment intermittent,Application,Reviewed logs and stack trace; patched the defect and redeployed the service.,Medium,Incident
null pointer exception report,monitoring flagged null pointer exception recurring; microservice flapping in production; null pointer exception intermittent,Application,Reviewed logs and stack trace; patched the defect and redeployed the service.,Medium,Incident
exception thrown ticket,escalated because exception thrown intermittent; payload unstable after the upgrade; exception thrown erratic,Application,Reviewed logs and stack trace; patched the defect and redeployed the service.,Medium,Incident
microservice issue,escalated because microservice degraded; frontend flapping at multiple sites; microservice delayed,Application,Reviewed logs and stack trace; patched the defect and redeployed the service.,Medium,Incident
deployment ticket,escalated because deployment failing; exception thrown failing after the upgrade; deployment unresponsive,Application,Reviewed logs and stack trace; patched the defect and redeployed the service.,Medium,Incident
microservice issue,ongoing microservice degraded; backend flapping in production; microservice unstable,Application,Reviewed logs and stack trace; patched the defect and redeployed the service.,Medium,Incident
rollback ticket,we are seeing rollback failing; code regression flapping in production; rollback failing,Application,Reviewed logs and stack trace; patched the defect and redeployed the service.,Medium,Incident
backend issue,ongoing backend flapping; microservice delayed for the team; backend erratic,Application,Reviewed logs and stack trace; patched the defect and redeployed the service.,Medium,Incident
api endpoint report,noticed that api endpoint stalling; stack trace stalling in one department; api endpoint delayed,Application,Reviewed logs and stack trace; patched the defect and redeployed the service.,Medium,Incident
deployment fault,deployment flapping; exception thrown delayed across several users; deployment failing,Application,Reviewed logs and stack trace; patched the defect and redeployed the service.,Medium,Incident
api endpoint ticket,monitoring flagged api endpoint erratic; payload delayed in one department; api endpoint erratic,Application,Reviewed logs and stack trace; patched the defect and redeployed the service.,Medium,Incident
build pipeline ticket,ongoing build pipeline unstable; exception thrown flapping in production; build pipeline recurring,Application,Reviewed logs and stack trace; patched the defect and redeployed the service.,Medium,Incident
backend fault,escalated because backend erratic; rollback recurring across several users; backend unresponsive,Application,Reviewed logs and stack trace; patched the defect and redeployed the service.,Medium,Incident
build pipeline case,ongoing build pipeline degraded; rollback flapping across several users; build pipeline recurring,Application,Reviewed logs and stack trace; patched the defect and redeployed the service.,Medium,Incident
exception thrown ticket,exception thrown recurring; frontend recurring after the upgrade; exception thrown intermittent,Application,Reviewed logs and stack trace; patched the defect and redeployed the service.,Medium,Incident
api endpoint case,we are seeing api endpoint recurring; backend flapping across several users; api endpoint unstable,Application,Reviewed logs and stack trace; patched the defect and redeployed the service.,Medium,Incident
exception thrown issue,noticed that exception thrown intermittent; payload failing during the night shift; exception thrown erratic,Application,Reviewed logs and stack trace; patched the defect and redeployed the service.,Medium,Incident
api endpoint case,escalated because api endpoint intermittent; code regression flapping across several users; api endpoint delayed,Application,Reviewed logs and stack trace; patched the defect and redeployed the service.,Medium,Incident
payload fault,escalated because payload intermittent; api endpoint delayed during the night shift; payload stalling,Application,Reviewed logs and stack trace; patched the defect and redeployed the service.,Medium,Incident
build pipeline report,noticed that build pipeline delayed; api endpoint stalling in a branch office; build pipeline delayed,Application,Reviewed logs and stack trace; patched the defect and redeployed the service.,Medium,Incident
exception thrown alert,ongoing exception thrown intermittent; frontend unresponsive at multiple sites; exception thrown delayed,Application,Reviewed logs and stack trace; patched the defect and redeployed the service.,Medium,Incident
microservice case,escalated because microservice intermittent; rollback erratic in production; microservice stalling,Application,Reviewed logs and stack trace; patched the defect and redeployed the service.,Medium,Incident
backend ticket,tracking backend unresponsive; payload degraded during the night shift; backend recurring,Application,Reviewed logs and stack trace; patched the defect and redeployed the service.,Medium,Incident
build pipeline ticket,noticed that build pipeline failing; api endpoint unresponsive after the upgrade; build pipeline degraded,Application,Reviewed logs and stack trace; patched the defect and redeployed the service.,Medium,Incident
rest call case,ongoing rest call erratic; microservice intermittent in a branch office; rest call intermittent,Application,Reviewed logs and stack trace; patched the defect and redeployed the service.,Medium,Incident
api endpoint fault,api endpoint recurring; stack trace intermittent at multiple sites; api endpoint intermittent,Application,Reviewed logs and stack trace; patched the defect and redeployed the service.,Medium,Incident
rest call issue,escalated because rest call degraded; deployment flapping for the team; rest call stalling,Application,Reviewed logs and stack trace; patched the defect and redeployed the service.,Medium,Incident
rest call issue,escalated because rest call delayed; api endpoint unstable after the upgrade; rest call flapping,Application,Reviewed logs and stack trace; patched the defect and redeployed the service.,Medium,Incident
rest call request,rest call unresponsive; deployment stalling for the team; rest call unresponsive,Application,Reviewed logs and stack trace; patched the defect and redeployed the service.,Medium,Incident
rest call alert,tracking rest call delayed; exception thrown failing in one department; rest call unstable,Application,Reviewed logs and stack trace; patched the defect and redeployed the service.,Medium,Incident
null pointer exception request,null pointer exception erratic; code regression unstable across several users; null pointer exception unresponsive,Application,Reviewed logs and stack trace; patched the defect and redeployed the service.,Medium,Incident
microservice fault,escalated because microservice degraded; exception thrown stalling after the upgrade; microservice unresponsive,Application,Reviewed logs and stack trace; patched the defect and redeployed the service.,Medium,Incident
api endpoint report,noticed that api endpoint unresponsive; backend intermittent in one department; api endpoint degraded,Application,Reviewed logs and stack trace; patched the defect and redeployed the service.,Medium,Incident
payload case,noticed that payload unresponsive; frontend unstable in a branch office; payload failing,Application,Reviewed logs and stack trace; patched the defect and redeployed the service.,Medium,Incident
exception thrown request,tracking exception thrown intermittent; rest call unstable during the night shift; exception thrown recurring,Application,Reviewed logs and stack trace; patched the defect and redeployed the service.,Medium,Incident
backend issue,monitoring flagged backend flapping; build pipeline degraded after the upgrade; backend unstable,Application,Reviewed logs and stack trace; patched the defect and redeployed the service.,Medium,Incident
build pipeline issue,escalated because build pipeline unresponsive; deployment flapping in a branch office; build pipeline intermittent,Application,Reviewed logs and stack trace; patched the defect and redeployed the service.,Medium,Incident
build pipeline fault,noticed that build pipeline recurring; microservice failing at multiple sites; build pipeline unresponsive,Application,Reviewed logs and stack trace; patched the defect and redeployed the service.,Medium,Incident
null pointer exception issue,tracking null pointer exception erratic; rest call unresponsive in a branch office; null pointer exception unstable,Application,Reviewed logs and stack trace; patched the defect and redeployed the service.,Medium,Incident
payload case,we are seeing payload unresponsive; stack trace stalling at multiple sites; payload recurring,Application,Reviewed logs and stack trace; patched the defect and redeployed the service.,Medium,Incident
api endpoint alert,tracking api endpoint erratic; frontend recurring after the upgrade; api endpoint stalling,Application,Reviewed logs and stack trace; patched the defect and redeployed the service.,Medium,Incident
rollback request,users report rollback intermittent; backend intermittent after the upgrade; rollback recurring,Application,Reviewed logs and stack trace; patched the defect and redeployed the service.,Medium,Incident
backend ticket,backend degraded; payload recurring at multiple sites; backend degraded,Application,Reviewed logs and stack trace; patched the defect and redeployed the service.,Medium,Incident
exception thrown alert,escalated because exception thrown unstable; backend stalling for the team; exception thrown delayed,Application,Reviewed logs and stack trace; patched the defect and redeployed the service.,Medium,Incident
rest call case,escalated because rest call recurring; deployment erratic across several users; rest call degraded,Application,Reviewed logs and stack trace; patched the defect and redeployed the service.,Medium,Incident
frontend fault,frontend flapping; api endpoint erratic after the upgrade; frontend recurring,Application,Reviewed logs and stack trace; patched the defect and redeployed the service.,Medium,Incident
rest call case,rest call failing; microservice flapping at multiple sites; rest call unresponsive,Application,Reviewed logs and stack trace; patched the defect and redeployed the service.,Medium,Incident
exception thrown issue,exception thrown flapping; stack trace stalling for the team; exception thrown degraded,Application,Reviewed logs and stack trace; patched the defect and redeployed the service.,Medium,Incident
frontend ticket,tracking frontend flapping; null pointer exception unstable in production; frontend unstable,Application,Reviewed logs and stack trace; patched the defect and redeployed the service.,Medium,Incident
code regression request,monitoring flagged code regression flapping; frontend flapping in production; code regression degraded,Application,Reviewed logs and stack trace; patched the defect and redeployed the service.,Medium,Incident
stack trace fault,we are seeing stack trace flapping; api endpoint delayed across several users; stack trace unstable,Application,Reviewed logs and stack trace; patched the defect and redeployed the service.,Medium,Incident
rollback ticket,tracking rollback erratic; null pointer exception delayed at multiple sites; rollback flapping,Application,Reviewed logs and stack trace; patched the defect and redeployed the service.,Medium,Incident
deployment ticket,users report deployment unstable; frontend unresponsive across several users; deployment intermittent,Application,Reviewed logs and stack trace; patched the defect and redeployed the service.,Medium,Incident
rollback report,we are seeing rollback recurring; rest call failing for the team; rollback intermittent,Application,Reviewed logs and stack trace; patched the defect and redeployed the service.,Medium,Incident
stack trace issue,we are seeing stack trace erratic; exception thrown recurring across several users; stack trace failing,Application,Reviewed logs and stack trace; patched the defect and redeployed the service.,Medium,Incident
code regression alert,monitoring flagged code regression delayed; frontend intermittent in a branch office; code regression failing,Application,Reviewed logs and stack trace; patched the defect and redeployed the service.,Medium,Incident
deployment fault,noticed that deployment stalling; payload recurring at multiple sites; deployment recurring,Application,Reviewed logs and stack trace; patched the defect and redeployed the service.,Medium,Incident
microservice case,ongoing microservice delayed; api endpoint intermittent in a branch office; microservice flapping,Application,Reviewed logs and stack trace; patched the defect and redeployed the service.,Medium,Incident
null pointer exception fault,escalated because null pointer exception unstable; backend flapping across several users; null pointer exception delayed,Application,Reviewed logs and stack trace; patched the defect and redeployed the service.,Medium,Incident
build pipeline case,tracking build pipeline flapping; rest call delayed during the night shift; build pipeline stalling,Application,Reviewed logs and stack trace; patched the defect and redeployed the service.,Medium,Incident
api endpoint report,we are seeing api endpoint unstable; microservice delayed at multiple sites; api endpoint erratic,Application,Reviewed logs and stack trace; patched the defect and redeployed the service.,Medium,Incident
microservice alert,tracking microservice erratic; payload failing during the night shift; microservice delayed,Application,Reviewed logs and stack trace; patched the defect and redeployed the service.,Medium,Incident
backend alert,we are seeing backend flapping; rollback intermittent in production; backend unresponsive,Application,Reviewed logs and stack trace; patched the defect and redeployed the service.,Medium,Incident
rest call report,we are seeing rest call stalling; stack trace degraded across several users; rest call delayed,Application,Reviewed logs and stack trace; patched the defect and redeployed the service.,Medium,Incident
microservice case,users report microservice recurring; code regression recurring at multiple sites; microservice failing,Application,Reviewed logs and stack trace; patched the defect and redeployed the service.,Medium,Incident
rollback case,we are seeing rollback delayed; exception thrown intermittent in production; rollback erratic,Application,Reviewed logs and stack trace; patched the defect and redeployed the service.,Medium,Incident
microservice alert,we are seeing microservice intermittent; null pointer exception degraded at multiple sites; microservice erratic,Application,Reviewed logs and stack trace; patched the defect and redeployed the service.,Medium,Incident
code regression fault,escalated because code regression stalling; deployment unresponsive in production; code regression flapping,Application,Reviewed logs and stack trace; patched the defect and redeployed the service.,Medium,Incident
microservice ticket,users report microservice delayed; rollback erratic after the upgrade; microservice erratic,Application,Reviewed logs and stack trace; patched the defect and redeployed the service.,Medium,Incident
rollback alert,rollback stalling; build pipeline stalling at multiple sites; rollback flapping,Application,Reviewed logs and stack trace; patched the defect and redeployed the service.,Medium,Incident
payload issue,tracking payload unresponsive; api endpoint delayed in a branch office; payload recurring,Application,Reviewed logs and stack trace; patched the defect and redeployed the service.,Medium,Incident
api endpoint ticket,we are seeing api endpoint intermittent; deployment flapping after the upgrade; api endpoint recurring,Application,Reviewed logs and stack trace; patched the defect and redeployed the service.,Medium,Incident
backend case,escalated because backend stalling; rest call unresponsive after the upgrade; backend erratic,Application,Reviewed logs and stack trace; patched the defect and redeployed the service.,Medium,Incident
api endpoint request,escalated because api endpoint stalling; payload unstable in one department; api endpoint unstable,Application,Reviewed logs and stack trace; patched the defect and redeployed the service.,Medium,Incident
backend issue,backend delayed; rest call failing across several users; backend degraded,Application,Reviewed logs and stack trace; patched the defect and redeployed the service.,Medium,Incident
code regression request,code regression intermittent; api endpoint degraded at multiple sites; code regression unstable,Application,Reviewed logs and stack trace; patched the defect and redeployed the service.,Medium,Incident
backend ticket,escalated because backend failing; frontend recurring after the upgrade; backend recurring,Application,Reviewed logs and stack trace; patched the defect and redeployed the service.,Medium,Incident
null pointer exception fault,null pointer exception delayed; rollback flapping in a branch office; null pointer exception failing,Application,Reviewed logs and stack trace; patched the defect and redeployed the service.,Medium,Incident
backend issue,users report backend delayed; microservice flapping for the team; backend unstable,Application,Reviewed logs and stack trace; patched the defect and redeployed the service.,Medium,Incident
backend alert,ongoing backend intermittent; api endpoint recurring in production; backend delayed,Application,Reviewed logs and stack trace; patched the defect and redeployed the service.,Medium,Incident
microservice issue,we are seeing microservice stalling; code regression flapping at multiple sites; microservice erratic,Application,Reviewed logs and stack trace; patched the defect and redeployed the service.,Medium,Incident
microservice request,tracking microservice degraded; rest call failing during the night shift; microservice degraded,Application,Reviewed logs and stack trace; patched the defect and redeployed the service.,Medium,Incident
code regression report,users report code regression failing; backend failing after the upgrade; code regression unstable,Application,Reviewed logs and stack trace; patched the defect and redeployed the service.,Medium,Incident
code regression request,code regression stalling; rest call recurring at multiple sites; code regression degraded,Application,Reviewed logs and stack trace; patched the defect and redeployed the service.,Medium,Incident
deployment fault,users report deployment erratic; payload unresponsive in a branch office; deployment failing,Application,Reviewed logs and stack trace; patched the defect and redeployed the service.,Medium,Incident
backend case,backend failing; exception thrown unstable at multiple sites; backend stalling,Application,Reviewed logs and stack trace; patched the defect and redeployed the service.,Medium,Incident
exception thrown request,monitoring flagged exception thrown flapping; api endpoint degraded at multiple sites; exception thrown unresponsive,Application,Reviewed logs and stack trace; patched the defect and redeployed the service.,Medium,Incident
exception thrown case,monitoring flagged exception thrown delayed; code regression stalling for the team; exception thrown flapping,Application,Reviewed logs and stack trace; patched the defect and redeployed the service.,Medium,Incident
backend ticket,we are seeing backend failing; payload degraded for the team; backend flapping,Application,Reviewed logs and stack trace; patched the defect and redeployed the service.,Medium,Incident
build pipeline request,noticed that build pipeline recurring; exception thrown recurring across several users; build pipeline flapping,Application,Reviewed logs and stack trace; patched the defect and redeployed the service.,Medium,Incident
rest call request,noticed that rest call erratic; microservice erratic during the night shift; rest call intermittent,Application,Reviewed logs and stack trace; patched the defect and redeployed the service.,Medium,Incident
code regression case,ongoing code regression recurring; api endpoint flapping at multiple sites; code regression degraded,Application,Reviewed logs and stack trace; patched the defect and redeployed the service.,Medium,Incident
payload issue,monitoring flagged payload unresponsive; stack trace unstable during the night shift; payload flapping,Application,Reviewed logs and stack trace; patched the defect and redeployed the service.,Medium,Incident
build pipeline issue,escalated because build pipeline degraded; rollback failing in production; build pipeline unresponsive,Application,Reviewed logs and stack trace; patched the defect and redeployed the service.,Medium,Incident
rollback issue,tracking rollback unstable; microservice degraded after the upgrade; rollback unstable,Application,Reviewed logs and stack trace; patched the defect and redeployed the service.,Medium,Incident
backend fault,users report backend flapping; rollback degraded in production; backend failing,Application,Reviewed logs and stack trace; patched the defect and redeployed the service.,Medium,Incident
backend fault,backend recurring; stack trace stalling in a branch office; backend flapping,Application,Reviewed logs and stack trace; patched the defect and redeployed the service.,Medium,Incident
code regression request,monitoring flagged code regression degraded; rollback delayed during the night shift; code regression intermittent,Application,Reviewed logs and stack trace; patched the defect and redeployed the service.,Medium,Incident
api endpoint ticket,monitoring flagged api endpoint unresponsive; rollback unresponsive for the team; api endpoint erratic,Application,Reviewed logs and stack trace; patched the defect and redeployed the service.,Medium,Incident
api endpoint ticket,users report api endpoint flapping; code regression unresponsive in production; api endpoint erratic,Application,Reviewed logs and stack trace; patched the defect and redeployed the service.,Medium,Incident
microservice case,we are seeing microservice erratic; deployment recurring after the upgrade; microservice recurring,Application,Reviewed logs and stack trace; patched the defect and redeployed the service.,Medium,Incident
stack trace ticket,tracking stack trace failing; api endpoint flapping in production; stack trace stalling,Application,Reviewed logs and stack trace; patched the defect and redeployed the service.,Medium,Incident
frontend report,noticed that frontend recurring; build pipeline unstable at multiple sites; frontend unresponsive,Application,Reviewed logs and stack trace; patched the defect and redeployed the service.,Medium,Incident
frontend alert,escalated because frontend flapping; build pipeline stalling at multiple sites; frontend unresponsive,Application,Reviewed logs and stack trace; patched the defect and redeployed the service.,Medium,Incident
build pipeline ticket,we are seeing build pipeline flapping; code regression stalling in one department; build pipeline degraded,Application,Reviewed logs and stack trace; patched the defect and redeployed the service.,Medium,Incident
rest call issue,ongoing rest call erratic; backend intermittent for the team; rest call erratic,Application,Reviewed logs and stack trace; patched the defect and redeployed the service.,Medium,Incident
rollback case,we are seeing rollback erratic; code regression unstable in a branch office; rollback unresponsive,Application,Reviewed logs and stack trace; patched the defect and redeployed the service.,Medium,Incident
rest call case,escalated because rest call flapping; api endpoint flapping after the upgrade; rest call degraded,Application,Reviewed logs and stack trace; patched the defect and redeployed the service.,Medium,Incident
exception thrown fault,exception thrown delayed; code regression flapping in production; exception thrown delayed,Application,Reviewed logs and stack trace; patched the defect and redeployed the service.,Medium,Incident
payload fault,noticed that payload degraded; backend degraded in one department; payload intermittent,Application,Reviewed logs and stack trace; patched the defect and redeployed the service.,Medium,Incident
rest call issue,tracking rest call recurring; exception thrown flapping for the team; rest call stalling,Application,Reviewed logs and stack trace; patched the defect and redeployed the service.,Medium,Incident
null pointer exception ticket,we are seeing null pointer exception intermittent; stack trace delayed after the upgrade; null pointer exception delayed,Application,Reviewed logs and stack trace; patched the defect and redeployed the service.,Medium,Incident
build pipeline report,noticed that build pipeline recurring; code regression delayed across several users; build pipeline unstable,Application,Reviewed logs and stack trace; patched the defect and redeployed the service.,Medium,Incident
frontend ticket,monitoring flagged frontend flapping; stack trace degraded in production; frontend degraded,Application,Reviewed logs and stack trace; patched the defect and redeployed the service.,Medium,Incident
microservice report,noticed that microservice intermittent; build pipeline delayed after the upgrade; microservice erratic,Application,Reviewed logs and stack trace; patched the defect and redeployed the service.,Medium,Incident
stack trace case,ongoing stack trace erratic; frontend stalling across several users; stack trace degraded,Application,Reviewed logs and stack trace; patched the defect and redeployed the service.,Medium,Incident
rollback issue,monitoring flagged rollback failing; payload stalling at multiple sites; rollback degraded,Application,Reviewed logs and stack trace; patched the defect and redeployed the service.,Medium,Incident
backend fault,tracking backend unstable; api endpoint stalling after the upgrade; backend delayed,Application,Reviewed logs and stack trace; patched the defect and redeployed the service.,Medium,Incident
deployment case,tracking deployment unstable; code regression unstable across several users; deployment flapping,Application,Reviewed logs and stack trace; patched the defect and redeployed the service.,Medium,Incident
payload alert,tracking payload erratic; exception thrown recurring across several users; payload flapping,Application,Reviewed logs and stack trace; patched the defect and redeployed the service.,Medium,Incident
payload alert,users report payload unresponsive; deployment degraded in one department; payload recurring,Application,Reviewed logs and stack trace; patched the defect and redeployed the service.,Medium,Incident
build pipeline alert,escalated because build pipeline erratic; rollback degraded in production; build pipeline unresponsive,Application,Reviewed logs and stack trace; patched the defect and redeployed the service.,Medium,Incident
exception thrown fault,noticed that exception thrown flapping; code regression recurring in production; exception thrown degraded,Application,Reviewed logs and stack trace; patched the defect and redeployed the service.,Medium,Incident
frontend alert,users report frontend unresponsive; exception thrown recurring in one department; frontend recurring,Application,Reviewed logs and stack trace; patched the defect and redeployed the service.,Medium,Incident
build pipeline alert,noticed that build pipeline unresponsive; stack trace degraded in one department; build pipeline unstable,Application,Reviewed logs and stack trace; patched the defect and redeployed the service.,Medium,Incident
backend report,tracking backend recurring; code regression unstable during the night shift; backend recurring,Application,Reviewed logs and stack trace; patched the defect and redeployed the service.,Medium,Incident
api endpoint case,monitoring flagged api endpoint delayed; frontend unstable after the upgrade; api endpoint delayed,Application,Reviewed logs and stack trace; patched the defect and redeployed the service.,Medium,Incident
microservice alert,microservice stalling; api endpoint erratic in production; microservice recurring,Application,Reviewed logs and stack trace; patched the defect and redeployed the service.,Medium,Incident
null pointer exception alert,escalated because null pointer exception intermittent; frontend flapping during the night shift; null pointer exception delayed,Application,Reviewed logs and stack trace; patched the defect and redeployed the service.,Medium,Incident
rest call report,users report rest call erratic; frontend erratic across several users; rest call unstable,Application,Reviewed logs and stack trace; patched the defect and redeployed the service.,Medium,Incident
rollback ticket,ongoing rollback failing; deployment unresponsive in one department; rollback intermittent,Application,Reviewed logs and stack trace; patched the defect and redeployed the service.,Medium,Incident
rollback fault,users report rollback erratic; frontend delayed for the team; rollback delayed,Application,Reviewed logs and stack trace; patched the defect and redeployed the service.,Medium,Incident
microservice request,escalated because microservice stalling; backend delayed at multiple sites; microservice failing,Application,Reviewed logs and stack trace; patched the defect and redeployed the service.,Medium,Incident
code regression case,escalated because code regression intermittent; stack trace unresponsive in a branch office; code regression failing,Application,Reviewed logs and stack trace; patched the defect and redeployed the service.,Medium,Incident
build pipeline report,noticed that build pipeline degraded; stack trace intermittent during the night shift; build pipeline intermittent,Application,Reviewed logs and stack trace; patched the defect and redeployed the service.,Medium,Incident
api endpoint alert,noticed that api endpoint intermittent; exception thrown intermittent in a branch office; api endpoint failing,Application,Reviewed logs and stack trace; patched the defect and redeployed the service.,Medium,Incident
primary replica alert,ongoing primary replica stalling; schema migration unresponsive for the team; primary replica unresponsive,Database,Analyzed query plan and locks; added the missing index and validated replication.,Medium,Incident
deadlock issue,we are seeing deadlock unresponsive; transaction rollback unstable in one department; deadlock unstable,Database,Analyzed query plan and locks; added the missing index and validated replication.,Medium,Incident
stored procedure request,monitoring flagged stored procedure intermittent; table lock flapping in a branch office; stored procedure erratic,Database,Analyzed query plan and locks; added the missing index and validated replication.,Medium,Incident
vacuum report,tracking vacuum erratic; transaction rollback degraded in a branch office; vacuum degraded,Database,Analyzed query plan and locks; added the missing index and validated replication.,Medium,Incident
stored procedure report,stored procedure erratic; table lock stalling for the team; stored procedure recurring,Database,Analyzed query plan and locks; added the missing index and validated replication.,Medium,Incident
stored procedure case,tracking stored procedure stalling; slow query degraded at multiple sites; stored procedure delayed,Database,Analyzed query plan and locks; added the missing index and validated replication.,Medium,Incident
transaction rollback report,noticed that transaction rollback unresponsive; replication lag stalling in one department; transaction rollback unresponsive,Database,Analyzed query plan and locks; added the missing index and validated replication.,Medium,Incident
primary replica request,users report primary replica stalling; slow query failing after the upgrade; primary replica failing,Database,Analyzed query plan and locks; added the missing index and validated replication.,Medium,Incident
query plan request,query plan unstable; missing index erratic during the night shift; query plan erratic,Database,Analyzed query plan and locks; added the missing index and validated replication.,Medium,Incident
replication lag case,users report replication lag unresponsive; deadlock unstable in production; replication lag unresponsive,Database,Analyzed query plan and locks; added the missing index and validated replication.,Medium,Incident
connection pool ticket,ongoing connection pool unstable; missing index failing at multiple sites; connection pool flapping,Database,Analyzed query plan and locks; added the missing index and validated replication.,Medium,Incident
transaction rollback issue,escalated because transaction rollback degraded; vacuum failing for the team; transaction rollback intermittent,Database,Analyzed query plan and locks; added the missing index and validated replication.,Medium,Incident
deadlock alert,deadlock delayed; primary replica erratic in production; deadlock failing,Database,Analyzed query plan and locks; added the missing index and validated replication.,Medium,Incident
missing index case,we are seeing missing index unstable; transaction rollback erratic during the night shift; missing index degraded,Database,Analyzed query plan and locks; added the missing index and validated replication.,Medium,Incident
missing index issue,monitoring flagged missing index stalling; stored procedure stalling during the night shift; missing index unresponsive,Database,Analyzed query plan and locks; added the missing index and validated replication.,Medium,Incident
deadlock case,deadlock unstable; vacuum degraded in one department; deadlock delayed,Database,Analyzed query plan and locks; added the missing index and validated replication.,Medium,Incident
slow query case,escalated because slow query intermittent; table lock unstable at multiple sites; slow query flapping,Database,Analyzed query plan and locks; added the missing index and validated replication.,Medium,Incident
missing index alert,noticed that missing index degraded; stored procedure recurring during the night shift; missing index flapping,Database,Analyzed query plan and locks; added the missing index and validated replication.,Medium,Incident
table lock alert,ongoing table lock unresponsive; deadlock degraded across several users; table lock intermittent,Database,Analyzed query plan and locks; added the missing index and validated replication.,Medium,Incident
vacuum alert,we are seeing vacuum delayed; connection pool recurring during the night shift; vacuum delayed,Database,Analyzed query plan and locks; added the missing index and validated replication.,Medium,Incident
connection pool issue,users report connection pool intermittent; vacuum erratic at multiple sites; connection pool flapping,Database,Analyzed query plan and locks; added the missing index and validated replication.,Medium,Incident
slow query fault,noticed that slow query degraded; vacuum delayed in production; slow query failing,Database,Analyzed query plan and locks; added the missing index and validated replication.,Medium,Incident
deadlock request,monitoring flagged deadlock recurring; transaction rollback flapping after the upgrade; deadlock stalling,Database,Analyzed query plan and locks; added the missing index and validated replication.,Medium,Incident
missing index fault,we are seeing missing index degraded; query plan failing across several users; missing index unresponsive,Database,Analyzed query plan and locks; added the missing index and validated replication.,Medium,Incident
query plan fault,tracking query plan unresponsive; transaction rollback delayed during the night shift; query plan flapping,Database,Analyzed query plan and locks; added the missing index and validated replication.,Medium,Incident
missing index fault,ongoing missing index delayed; vacuum recurring for the team; missing index unstable,Database,Analyzed query plan and locks; added the missing index and validated replication.,Medium,Incident
connection pool fault,noticed that connection pool intermittent; missing index unstable during the night shift; connection pool delayed,Database,Analyzed query plan and locks; added the missing index and validated replication.,Medium,Incident
primary replica request,we are seeing primary replica degraded; vacuum unresponsive across several users; primary replica flapping,Database,Analyzed query plan and locks; added the missing index and validated replication.,Medium,Incident
replication lag report,replication lag degraded; missing index erratic in a branch office; replication lag recurring,Database,Analyzed query plan and locks; added the missing index and validated replication.,Medium,Incident
vacuum case,monitoring flagged vacuum unstable; stored procedure degraded across several users; vacuum failing,Database,Analyzed query plan and locks; added the missing index and validated replication.,Medium,Incident
deadlock ticket,monitoring flagged deadlock delayed; slow query delayed in production; deadlock unresponsive,Database,Analyzed query plan and locks; added the missing index and validated replication.,Medium,Incident
deadlock case,tracking deadlock degraded; connection pool failing in a branch office; deadlock stalling,Database,Analyzed query plan and locks; added the missing index and validated replication.,Medium,Incident
schema migration ticket,escalated because schema migration recurring; missing index degraded in production; schema migration erratic,Database,Analyzed query plan and locks; added the missing index and validated replication.,Medium,Incident
query plan request,monitoring flagged query plan recurring; slow query unstable in a branch office; query plan stalling,Database,Analyzed query plan and locks; added the missing index and validated replication.,Medium,Incident
missing index case,missing index degraded; primary replica intermittent across several users; missing index delayed,Database,Analyzed query plan and locks; added the missing index and validated replication.,Medium,Incident
query plan issue,monitoring flagged query plan erratic; replication lag stalling in one department; query plan flapping,Database,Analyzed query plan and locks; added the missing index and validated replication.,Medium,Incident
query plan request,we are seeing query plan flapping; schema migration intermittent during the night shift; query plan stalling,Database,Analyzed query plan and locks; added the missing index and validated replication.,Medium,Incident
stored procedure ticket,users report stored procedure degraded; table lock recurring across several users; stored procedure stalling,Database,Analyzed query plan and locks; added the missing index and validated replication.,Medium,Incident
deadlock request,users report deadlock delayed; replication lag failing after the upgrade; deadlock flapping,Database,Analyzed query plan and locks; added the missing index and validated replication.,Medium,Incident
connection pool ticket,connection pool degraded; stored procedure delayed in production; connection pool erratic,Database,Analyzed query plan and locks; added the missing index and validated replication.,Medium,Incident
replication lag fault,escalated because replication lag unresponsive; connection pool recurring in production; replication lag intermittent,Database,Analyzed query plan and locks; added the missing index and validated replication.,Medium,Incident
primary replica request,monitoring flagged primary replica intermittent; slow query delayed across several users; primary replica intermittent,Database,Analyzed query plan and locks; added the missing index and validated replication.,Medium,Incident
transaction rollback alert,noticed that transaction rollback delayed; query plan stalling across several users; transaction rollback failing,Database,Analyzed query plan and locks; added the missing index and validated replication.,Medium,Incident
vacuum request,we are seeing vacuum unresponsive; transaction rollback degraded during the night shift; vacuum intermittent,Database,Analyzed query plan and locks; added the missing index and validated replication.,Medium,Incident
slow query alert,we are seeing slow query unresponsive; query plan degraded during the night shift; slow query failing,Database,Analyzed query plan and locks; added the missing index and validated replication.,Medium,Incident
stored procedure report,monitoring flagged stored procedure degraded; table lock recurring during the night shift; stored procedure degraded,Database,Analyzed query plan and locks; added the missing index and validated replication.,Medium,Incident
missing index fault,we are seeing missing index failing; primary replica flapping in a branch office; missing index unstable,Database,Analyzed query plan and locks; added the missing index and validated replication.,Medium,Incident
connection pool request,escalated because connection pool flapping; table lock stalling in a branch office; connection pool stalling,Database,Analyzed query plan and locks; added the missing index and validated replication.,Medium,Incident
replication lag alert,monitoring flagged replication lag unstable; missing index recurring for the team; replication lag degraded,Database,Analyzed query plan and locks; added the missing index and validated replication.,Medium,Incident
deadlock report,noticed that deadlock stalling; slow query flapping at multiple sites; deadlock degraded,Database,Analyzed query plan and locks; added the missing index and validated replication.,Medium,Incident
slow query report,monitoring flagged slow query unresponsive; connection pool degraded in a branch office; slow query degraded,Database,Analyzed query plan and locks; added the missing index and validated replication.,Medium,Incident
stored procedure issue,users report stored procedure intermittent; primary replica stalling at multiple sites; stored procedure unstable,Database,Analyzed query plan and locks; added the missing index and validated replication.,Medium,Incident
table lock fault,monitoring flagged table lock failing; transaction rollback unresponsive across several users; table lock unresponsive,Database,Analyzed query plan and locks; added the missing index and validated replication.,Medium,Incident
transaction rollback fault,escalated because transaction rollback delayed; slow query intermittent for the team; transaction rollback degraded,Database,Analyzed query plan and locks; added the missing index and validated replication.,Medium,Incident
deadlock issue,we are seeing deadlock failing; missing index intermittent during the night shift; deadlock unstable,Database,Analyzed query plan and locks; added the missing index and validated replication.,Medium,Incident
table lock case,ongoing table lock degraded; vacuum recurring for the team; table lock recurring,Database,Analyzed query plan and locks; added the missing index and validated replication.,Medium,Incident
query plan alert,noticed that query plan erratic; missing index unstable for the team; query plan degraded,Database,Analyzed query plan and locks; added the missing index and validated replication.,Medium,Incident
query plan issue,tracking query plan unstable; slow query recurring after the upgrade; query plan flapping,Database,Analyzed query plan and locks; added the missing index and validated replication.,Medium,Incident
query plan case,we are seeing query plan flapping; transaction rollback unstable in one department; query plan stalling,Database,Analyzed query plan and locks; added the missing index and validated replication.,Medium,Incident
connection pool report,we are seeing connection pool unstable; stored procedure failing in a branch office; connection pool recurring,Database,Analyzed query plan and locks; added the missing index and validated replication.,Medium,Incident
slow query fault,ongoing slow query erratic; transaction rollback failing during the night shift; slow query degraded,Database,Analyzed query plan and locks; added the missing index and validated replication.,Medium,Incident
deadlock alert,deadlock delayed; transaction rollback intermittent during the night shift; deadlock delayed,Database,Analyzed query plan and locks; added the missing index and validated replication.,Medium,Incident
stored procedure report,noticed that stored procedure delayed; table lock erratic during the night shift; stored procedure stalling,Database,Analyzed query plan and locks; added the missing index and validated replication.,Medium,Incident
connection pool issue,connection pool stalling; deadlock recurring in a branch office; connection pool intermittent,Database,Analyzed query plan and locks; added the missing index and validated replication.,Medium,Incident
query plan fault,monitoring flagged query plan stalling; slow query recurring for the team; query plan intermittent,Database,Analyzed query plan and locks; added the missing index and validated replication.,Medium,Incident
replication lag alert,we are seeing replication lag unresponsive; vacuum delayed during the night shift; replication lag failing,Database,Analyzed query plan and locks; added the missing index and validated replication.,Medium,Incident
table lock alert,noticed that table lock intermittent; deadlock recurring across several users; table lock stalling,Database,Analyzed query plan and locks; added the missing index and validated replication.,Medium,Incident
stored procedure fault,we are seeing stored procedure recurring; table lock unstable after the upgrade; stored procedure recurring,Database,Analyzed query plan and locks; added the missing index and validated replication.,Medium,Incident
schema migration alert,schema migration erratic; connection pool failing at multiple sites; schema migration degraded,Database,Analyzed query plan and locks; added the missing index and validated replication.,Medium,Incident
primary replica issue,noticed that primary replica delayed; replication lag erratic at multiple sites; primary replica failing,Database,Analyzed query plan and locks; added the missing index and validated replication.,Medium,Incident
deadlock case,deadlock unstable; table lock stalling in one department; deadlock failing,Database,Analyzed query plan and locks; added the missing index and validated replication.,Medium,Incident
primary replica request,users report primary replica degraded; deadlock delayed in production; primary replica stalling,Database,Analyzed query plan and locks; added the missing index and validated replication.,Medium,Incident
stored procedure report,ongoing stored procedure recurring; vacuum degraded in production; stored procedure stalling,Database,Analyzed query plan and locks; added the missing index and validated replication.,Medium,Incident
deadlock case,monitoring flagged deadlock flapping; stored procedure erratic in production; deadlock stalling,Database,Analyzed query plan and locks; added the missing index and validated replication.,Medium,Incident
replication lag fault,ongoing replication lag unstable; vacuum flapping in one department; replication lag unresponsive,Database,Analyzed query plan and locks; added the missing index and validated replication.,Medium,Incident
deadlock case,deadlock recurring; query plan flapping in one department; deadlock recurring,Database,Analyzed query plan and locks; added the missing index and validated replication.,Medium,Incident
primary replica request,users report primary replica recurring; table lock intermittent after the upgrade; primary replica recurring,Database,Analyzed query plan and locks; added the missing index and validated replication.,Medium,Incident
deadlock case,noticed that deadlock degraded; table lock intermittent in one department; deadlock stalling,Database,Analyzed query plan and locks; added the missing index and validated replication.,Medium,Incident
vacuum request,ongoing vacuum stalling; missing index erratic at multiple sites; vacuum failing,Database,Analyzed query plan and locks; added the missing index and validated replication.,Medium,Incident
replication lag ticket,replication lag unresponsive; missing index degraded during the night shift; replication lag failing,Database,Analyzed query plan and locks; added the missing index and validated replication.,Medium,Incident
slow query alert,noticed that slow query flapping; transaction rollback erratic during the night shift; slow query flapping,Database,Analyzed query plan and locks; added the missing index and validated replication.,Medium,Incident
missing index request,escalated because missing index recurring; slow query intermittent for the team; missing index unstable,Database,Analyzed query plan and locks; added the missing index and validated replication.,Medium,Incident
query plan issue,users report query plan stalling; connection pool unresponsive in production; query plan degraded,Database,Analyzed query plan and locks; added the missing index and validated replication.,Medium,Incident
deadlock alert,noticed that deadlock degraded; transaction rollback delayed after the upgrade; deadlock degraded,Database,Analyzed query plan and locks; added the missing index and validated replication.,Medium,Incident
stored procedure report,monitoring flagged stored procedure unstable; query plan recurring across several users; stored procedure flapping,Database,Analyzed query plan and locks; added the missing index and validated replication.,Medium,Incident
missing index alert,ongoing missing index intermittent; table lock flapping in a branch office; missing index delayed,Database,Analyzed query plan and locks; added the missing index and validated replication.,Medium,Incident
connection pool issue,escalated because connection pool failing; replication lag flapping in one department; connection pool recurring,Database,Analyzed query plan and locks; added the missing index and validated replication.,Medium,Incident
query plan issue,escalated because query plan flapping; table lock degraded at multiple sites; query plan unresponsive,Database,Analyzed query plan and locks; added the missing index and validated replication.,Medium,Incident
missing index alert,escalated because missing index unstable; query plan unresponsive for the team; missing index degraded,Database,Analyzed query plan and locks; added the missing index and validated replication.,Medium,Incident
connection pool report,tracking connection pool erratic; transaction rollback unresponsive in one department; connection pool degraded,Database,Analyzed query plan and locks; added the missing index and validated replication.,Medium,Incident
table lock ticket,ongoing table lock unstable; transaction rollback erratic after the upgrade; table lock failing,Database,Analyzed query plan and locks; added the missing index and validated replication.,Medium,Incident
slow query alert,monitoring flagged slow query unresponsive; connection pool recurring for the team; slow query failing,Database,Analyzed query plan and locks; added the missing index and validated replication.,Medium,Incident
missing index ticket,we are seeing missing index delayed; vacuum flapping across several users; missing index recurring,Database,Analyzed query plan and locks; added the missing index and validated replication.,Medium,Incident
transaction rollback report,we are seeing transaction rollback delayed; schema migration erratic after the upgrade; transaction rollback recurring,Database,Analyzed query plan and locks; added the missing index and validated replication.,Medium,Incident
connection pool report,monitoring flagged connection pool failing; missing index delayed for the team; connection pool recurring,Database,Analyzed query plan and locks; added the missing index and validated replication.,Medium,Incident
slow query alert,slow query intermittent; deadlock intermittent during the night shift; slow query unstable,Database,Analyzed query plan and locks; added the missing index and validated replication.,Medium,Incident
missing index report,ongoing missing index intermittent; vacuum unstable in production; missing index recurring,Database,Analyzed query plan and locks; added the missing index and validated replication.,Medium,Incident
stored procedure issue,noticed that stored procedure flapping; missing index delayed in a branch office; stored procedure flapping,Database,Analyzed query plan and locks; added the missing index and validated replication.,Medium,Incident
schema migration request,tracking schema migration failing; slow query recurring for the team; schema migration recurring,Database,Analyzed query plan and locks; added the missing index and validated replication.,Medium,Incident
transaction rollback alert,users report transaction rollback recurring; deadlock recurring for the team; transaction rollback recurring,Database,Analyzed query plan and locks; added the missing index and validated replication.,Medium,Incident
primary replica request,tracking primary replica unresponsive; missing index delayed in a branch office; primary replica stalling,Database,Analyzed query plan and locks; added the missing index and validated replication.,Medium,Incident
transaction rollback report,transaction rollback recurring; vacuum recurring in one department; transaction rollback erratic,Database,Analyzed query plan and locks; added the missing index and validated replication.,Medium,Incident
connection pool alert,connection pool recurring; transaction rollback recurring during the night shift; connection pool flapping,Database,Analyzed query plan and locks; added the missing index and validated replication.,Medium,Incident
table lock issue,table lock erratic; replication lag unresponsive in production; table lock stalling,Database,Analyzed query plan and locks; added the missing index and validated replication.,Medium,Incident
connection pool ticket,monitoring flagged connection pool erratic; stored procedure degraded in a branch office; connection pool intermittent,Database,Analyzed query plan and locks; added the missing index and validated replication.,Medium,Incident
stored procedure request,users report stored procedure stalling; slow query unresponsive at multiple sites; stored procedure flapping,Database,Analyzed query plan and locks; added the missing index and validated replication.,Medium,Incident
slow query request,noticed that slow query flapping; replication lag erratic across several users; slow query delayed,Database,Analyzed query plan and locks; added the missing index and validated replication.,Medium,Incident
schema migration issue,monitoring flagged schema migration unresponsive; deadlock delayed across several users; schema migration flapping,Database,Analyzed query plan and locks; added the missing index and validated replication.,Medium,Incident
deadlock request,deadlock intermittent; replication lag failing after the upgrade; deadlock intermittent,Database,Analyzed query plan and locks; added the missing index and validated replication.,Medium,Incident
query plan case,escalated because query plan intermittent; table lock unresponsive during the night shift; query plan stalling,Database,Analyzed query plan and locks; added the missing index and validated replication.,Medium,Incident
vacuum case,escalated because vacuum failing; missing index intermittent after the upgrade; vacuum stalling,Database,Analyzed query plan and locks; added the missing index and validated replication.,Medium,Incident
deadlock fault,monitoring flagged deadlock delayed; slow query stalling in a branch office; deadlock stalling,Database,Analyzed query plan and locks; added the missing index and validated replication.,Medium,Incident
stored procedure ticket,monitoring flagged stored procedure failing; missing index flapping at multiple sites; stored procedure failing,Database,Analyzed query plan and locks; added the missing index and validated replication.,Medium,Incident
replication lag alert,replication lag intermittent; vacuum unresponsive across several users; replication lag flapping,Database,Analyzed query plan and locks; added the missing index and validated replication.,Medium,Incident
slow query case,we are seeing slow query unstable; deadlock recurring in a branch office; slow query failing,Database,Analyzed query plan and locks; added the missing index and validated replication.,Medium,Incident
primary replica case,noticed that primary replica unresponsive; connection pool flapping after the upgrade; primary replica flapping,Database,Analyzed query plan and locks; added the missing index and validated replication.,Medium,Incident
connection pool report,tracking connection pool unresponsive; replication lag delayed for the team; connection pool recurring,Database,Analyzed query plan and locks; added the missing index and validated replication.,Medium,Incident
query plan case,ongoing query plan stalling; schema migration delayed in a branch office; query plan recurring,Database,Analyzed query plan and locks; added the missing index and validated replication.,Medium,Incident
vacuum report,noticed that vacuum degraded; missing index stalling in a branch office; vacuum unresponsive,Database,Analyzed query plan and locks; added the missing index and validated replication.,Medium,Incident
connection pool case,we are seeing connection pool unresponsive; vacuum intermittent across several users; connection pool unstable,Database,Analyzed query plan and locks; added the missing index and validated replication.,Medium,Incident
primary replica case,escalated because primary replica stalling; transaction rollback unstable in a branch office; primary replica failing,Database,Analyzed query plan and locks; added the missing index and validated replication.,Medium,Incident
connection pool report,we are seeing connection pool flapping; transaction rollback failing in production; connection pool recurring,Database,Analyzed query plan and locks; added the missing index and validated replication.,Medium,Incident
stored procedure case,ongoing stored procedure delayed; replication lag erratic in one department; stored procedure stalling,Database,Analyzed query plan and locks; added the missing index and validated replication.,Medium,Incident
vacuum alert,monitoring flagged vacuum unresponsive; schema migration degraded in a branch office; vacuum erratic,Database,Analyzed query plan and locks; added the missing index and validated replication.,Medium,Incident
stored procedure request,we are seeing stored procedure unstable; schema migration stalling in production; stored procedure degraded,Database,Analyzed query plan and locks; added the missing index and validated replication.,Medium,Incident
replication lag report,ongoing replication lag stalling; connection pool stalling after the upgrade; replication lag unresponsive,Database,Analyzed query plan and locks; added the missing index and validated replication.,Medium,Incident
missing index issue,users report missing index recurring; slow query recurring after the upgrade; missing index recurring,Database,Analyzed query plan and locks; added the missing index and validated replication.,Medium,Incident
replication lag issue,tracking replication lag flapping; schema migration delayed across several users; replication lag unresponsive,Database,Analyzed query plan and locks; added the missing index and validated replication.,Medium,Incident
deadlock alert,escalated because deadlock stalling; stored procedure flapping in one department; deadlock recurring,Database,Analyzed query plan and locks; added the missing index and validated replication.,Medium,Incident
table lock request,monitoring flagged table lock degraded; deadlock erratic in production; table lock stalling,Database,Analyzed query plan and locks; added the missing index and validated replication.,Medium,Incident
vacuum issue,monitoring flagged vacuum erratic; query plan unresponsive in one department; vacuum intermittent,Database,Analyzed query plan and locks; added the missing index and validated replication.,Medium,Incident
slow query alert,tracking slow query recurring; missing index flapping during the night shift; slow query flapping,Database,Analyzed query plan and locks; added the missing index and validated replication.,Medium,Incident
slow query issue,noticed that slow query failing; transaction rollback delayed across several users; slow query intermittent,Database,Analyzed query plan and locks; added the missing index and validated replication.,Medium,Incident
table lock alert,we are seeing table lock failing; schema migration failing in production; table lock intermittent,Database,Analyzed query plan and locks; added the missing index and validated replication.,Medium,Incident
connection pool issue,ongoing connection pool flapping; deadlock delayed in one department; connection pool recurring,Database,Analyzed query plan and locks; added the missing index and validated replication.,Medium,Incident
missing index ticket,noticed that missing index unresponsive; query plan erratic during the night shift; missing index delayed,Database,Analyzed query plan and locks; added the missing index and validated replication.,Medium,Incident
vacuum ticket,monitoring flagged vacuum erratic; deadlock stalling during the night shift; vacuum intermittent,Database,Analyzed query plan and locks; added the missing index and validated replication.,Medium,Incident
query plan alert,monitoring flagged query plan unstable; replication lag intermittent for the team; query plan failing,Database,Analyzed query plan and locks; added the missing index and validated replication.,Medium,Incident
table lock request,table lock failing; vacuum flapping across several users; table lock unresponsive,Database,Analyzed query plan and locks; added the missing index and validated replication.,Medium,Incident
vacuum case,tracking vacuum failing; missing index failing after the upgrade; vacuum degraded,Database,Analyzed query plan and locks; added the missing index and validated replication.,Medium,Incident
transaction rollback fault,we are seeing transaction rollback unresponsive; missing index erratic across several users; transaction rollback unstable,Database,Analyzed query plan and locks; added the missing index and validated replication.,Medium,Incident
connection pool case,monitoring flagged connection pool degraded; transaction rollback delayed during the night shift; connection pool unresponsive,Database,Analyzed query plan and locks; added the missing index and validated replication.,Medium,Incident
missing index case,users report missing index recurring; schema migration degraded for the team; missing index unresponsive,Database,Analyzed query plan and locks; added the missing index and validated replication.,Medium,Incident
slow query fault,we are seeing slow query intermittent; replication lag unresponsive in production; slow query delayed,Database,Analyzed query plan and locks; added the missing index and validated replication.,Medium,Incident
stored procedure ticket,escalated because stored procedure unstable; transaction rollback failing at multiple sites; stored procedure delayed,Database,Analyzed query plan and locks; added the missing index and validated replication.,Medium,Incident
stored procedure ticket,users report stored procedure intermittent; slow query failing for the team; stored procedure failing,Database,Analyzed query plan and locks; added the missing index and validated replication.,Medium,Incident
primary replica report,users report primary replica unstable; vacuum degraded for the team; primary replica delayed,Database,Analyzed query plan and locks; added the missing index and validated replication.,Medium,Incident
connection pool alert,escalated because connection pool erratic; vacuum unresponsive across several users; connection pool unresponsive,Database,Analyzed query plan and locks; added the missing index and validated replication.,Medium,Incident
missing index request,noticed that missing index failing; deadlock unresponsive during the night shift; missing index stalling,Database,Analyzed query plan and locks; added the missing index and validated replication.,Medium,Incident
stored procedure issue,monitoring flagged stored procedure failing; missing index failing in production; stored procedure unstable,Database,Analyzed query plan and locks; added the missing index and validated replication.,Medium,Incident
table lock fault,noticed that table lock unresponsive; slow query degraded in one department; table lock stalling,Database,Analyzed query plan and locks; added the missing index and validated replication.,Medium,Incident
missing index report,escalated because missing index erratic; transaction rollback unresponsive during the night shift; missing index flapping,Database,Analyzed query plan and locks; added the missing index and validated replication.,Medium,Incident
vacuum issue,users report vacuum unstable; deadlock failing during the night shift; vacuum unstable,Database,Analyzed query plan and locks; added the missing index and validated replication.,Medium,Incident
primary replica request,tracking primary replica recurring; slow query erratic in production; primary replica unstable,Database,Analyzed query plan and locks; added the missing index and validated replication.,Medium,Incident
primary replica request,users report primary replica unstable; query plan erratic during the night shift; primary replica erratic,Database,Analyzed query plan and locks; added the missing index and validated replication.,Medium,Incident
slow query issue,we are seeing slow query unresponsive; query plan stalling in production; slow query failing,Database,Analyzed query plan and locks; added the missing index and validated replication.,Medium,Incident
schema migration case,we are seeing schema migration recurring; stored procedure degraded after the upgrade; schema migration flapping,Database,Analyzed query plan and locks; added the missing index and validated replication.,Medium,Incident
table lock case,table lock flapping; vacuum unstable across several users; table lock delayed,Database,Analyzed query plan and locks; added the missing index and validated replication.,Medium,Incident
vacuum fault,users report vacuum erratic; deadlock erratic after the upgrade; vacuum unstable,Database,Analyzed query plan and locks; added the missing index and validated replication.,Medium,Incident
table lock ticket,we are seeing table lock unresponsive; replication lag failing during the night shift; table lock delayed,Database,Analyzed query plan and locks; added the missing index and validated replication.,Medium,Incident
transaction rollback issue,escalated because transaction rollback erratic; replication lag erratic for the team; transaction rollback recurring,Database,Analyzed query plan and locks; added the missing index and validated replication.,Medium,Incident
slow query ticket,users report slow query degraded; stored procedure erratic during the night shift; slow query failing,Database,Analyzed query plan and locks; added the missing index and validated replication.,Medium,Incident
transaction rollback fault,ongoing transaction rollback delayed; query plan failing at multiple sites; transaction rollback degraded,Database,Analyzed query plan and locks; added the missing index and validated replication.,Medium,Incident
vacuum report,we are seeing vacuum stalling; stored procedure stalling after the upgrade; vacuum failing,Database,Analyzed query plan and locks; added the missing index and validated replication.,Medium,Incident
table lock request,noticed that table lock recurring; schema migration recurring after the upgrade; table lock erratic,Database,Analyzed query plan and locks; added the missing index and validated replication.,Medium,Incident
missing index request,noticed that missing index intermittent; stored procedure failing in a branch office; missing index stalling,Database,Analyzed query plan and locks; added the missing index and validated replication.,Medium,Incident
schema migration ticket,escalated because schema migration degraded; stored procedure failing in one department; schema migration unstable,Database,Analyzed query plan and locks; added the missing index and validated replication.,Medium,Incident
stored procedure issue,we are seeing stored procedure unresponsive; transaction rollback recurring for the team; stored procedure intermittent,Database,Analyzed query plan and locks; added the missing index and validated replication.,Medium,Incident
transaction rollback report,tracking transaction rollback intermittent; replication lag stalling across several users; transaction rollback degraded,Database,Analyzed query plan and locks; added the missing index and validated replication.,Medium,Incident
vacuum fault,monitoring flagged vacuum degraded; stored procedure erratic after the upgrade; vacuum erratic,Database,Analyzed query plan and locks; added the missing index and validated replication.,Medium,Incident
query plan case,escalated because query plan failing; schema migration delayed in one department; query plan flapping,Database,Analyzed query plan and locks; added the missing index and validated replication.,Medium,Incident
stored procedure alert,noticed that stored procedure unstable; primary replica degraded during the night shift; stored procedure flapping,Database,Analyzed query plan and locks; added the missing index and validated replication.,Medium,Incident
transaction rollback case,noticed that transaction rollback intermittent; primary replica unresponsive in a branch office; transaction rollback flapping,Database,Analyzed query plan and locks; added the missing index and validated replication.,Medium,Incident
slow query alert,ongoing slow query flapping; deadlock recurring in production; slow query delayed,Database,Analyzed query plan and locks; added the missing index and validated replication.,Medium,Incident
stored procedure case,ongoing stored procedure intermittent; schema migration intermittent in production; stored procedure intermittent,Database,Analyzed query plan and locks; added the missing index and validated replication.,Medium,Incident
vacuum case,noticed that vacuum unstable; deadlock delayed for the team; vacuum delayed,Database,Analyzed query plan and locks; added the missing index and validated replication.,Medium,Incident
table lock report,ongoing table lock recurring; schema migration recurring during the night shift; table lock flapping,Database,Analyzed query plan and locks; added the missing index and validated replication.,Medium,Incident
query plan issue,query plan failing; schema migration flapping across several users; query plan unstable,Database,Analyzed query plan and locks; added the missing index and validated replication.,Medium,Incident
replication lag request,monitoring flagged replication lag unstable; connection pool unresponsive across several users; replication lag unresponsive,Database,Analyzed query plan and locks; added the missing index and validated replication.,Medium,Incident
stored procedure alert,escalated because stored procedure delayed; connection pool failing for the team; stored procedure stalling,Database,Analyzed query plan and locks; added the missing index and validated replication.,Medium,Incident
primary replica case,tracking primary replica delayed; vacuum intermittent at multiple sites; primary replica delayed,Database,Analyzed query plan and locks; added the missing index and validated replication.,Medium,Incident
schema migration case,tracking schema migration failing; connection pool flapping in production; schema migration flapping,Database,Analyzed query plan and locks; added the missing index and validated replication.,Medium,Incident
schema migration issue,escalated because schema migration unresponsive; query plan intermittent at multiple sites; schema migration recurring,Database,Analyzed query plan and locks; added the missing index and validated replication.,Medium,Incident
vacuum ticket,we are seeing vacuum recurring; stored procedure delayed at multiple sites; vacuum recurring,Database,Analyzed query plan and locks; added the missing index and validated replication.,Medium,Incident
connection pool alert,users report connection pool degraded; slow query unstable during the night shift; connection pool unstable,Database,Analyzed query plan and locks; added the missing index and validated replication.,Medium,Incident
query plan ticket,monitoring flagged query plan delayed; transaction rollback unresponsive in a branch office; query plan unstable,Database,Analyzed query plan and locks; added the missing index and validated replication.,Medium,Incident
query plan report,noticed that query plan unstable; table lock failing across several users; query plan unstable,Database,Analyzed query plan and locks; added the missing index and validated replication.,Medium,Incident
vacuum request,noticed that vacuum unresponsive; primary replica erratic for the team; vacuum recurring,Database,Analyzed query plan and locks; added the missing index and validated replication.,Medium,Incident
stored procedure fault,users report stored procedure intermittent; table lock unstable in one department; stored procedure delayed,Database,Analyzed query plan and locks; added the missing index and validated replication.,Medium,Incident
transaction rollback fault,we are seeing transaction rollback flapping; schema migration degraded at multiple sites; transaction rollback stalling,Database,Analyzed query plan and locks; added the missing index and validated replication.,Medium,Incident
vacuum ticket,escalated because vacuum stalling; table lock unresponsive across several users; vacuum intermittent,Database,Analyzed query plan and locks; added the missing index and validated replication.,Medium,Incident
missing index ticket,we are seeing missing index erratic; vacuum intermittent across several users; missing index recurring,Database,Analyzed query plan and locks; added the missing index and validated replication.,Medium,Incident
vacuum report,ongoing vacuum degraded; table lock flapping across several users; vacuum unresponsive,Database,Analyzed query plan and locks; added the missing index and validated replication.,Medium,Incident
schema migration fault,schema migration delayed; table lock erratic in a branch office; schema migration erratic,Database,Analyzed query plan and locks; added the missing index and validated replication.,Medium,Incident
vacuum ticket,monitoring flagged vacuum delayed; replication lag degraded across several users; vacuum degraded,Database,Analyzed query plan and locks; added the missing index and validated replication.,Medium,Incident
vacuum alert,we are seeing vacuum intermittent; missing index flapping during the night shift; vacuum degraded,Database,Analyzed query plan and locks; added the missing index and validated replication.,Medium,Incident
vacuum case,noticed that vacuum unstable; missing index failing across several users; vacuum erratic,Database,Analyzed query plan and locks; added the missing index and validated replication.,Medium,Incident
missing index issue,users report missing index unstable; stored procedure unresponsive at multiple sites; missing index delayed,Database,Analyzed query plan and locks; added the missing index and validated replication.,Medium,Incident
connection pool report,noticed that connection pool erratic; transaction rollback flapping across several users; connection pool flapping,Database,Analyzed query plan and locks; added the missing index and validated replication.,Medium,Incident
transaction rollback issue,users report transaction rollback delayed; vacuum failing across several users; transaction rollback recurring,Database,Analyzed query plan and locks; added the missing index and validated replication.,Medium,Incident
lun ticket,ongoing lun delayed; volume capacity degraded for the team; lun unresponsive,Storage,Reclaimed/expanded capacity; remounted the volume and verified the filesystem.,Medium,Incident
snapshot report,monitoring flagged snapshot flapping; inode failing at multiple sites; snapshot erratic,Storage,Reclaimed/expanded capacity; remounted the volume and verified the filesystem.,Medium,Incident
nas mount report,ongoing nas mount delayed; lun unresponsive in production; nas mount unstable,Storage,Reclaimed/expanded capacity; remounted the volume and verified the filesystem.,Medium,Incident
disk full request,disk full delayed; block storage unstable across several users; disk full degraded,Storage,Reclaimed/expanded capacity; remounted the volume and verified the filesystem.,Medium,Incident
quota exceeded report,ongoing quota exceeded delayed; mount point delayed at multiple sites; quota exceeded degraded,Storage,Reclaimed/expanded capacity; remounted the volume and verified the filesystem.,Medium,Incident
lun case,monitoring flagged lun stalling; mount point intermittent in one department; lun flapping,Storage,Reclaimed/expanded capacity; remounted the volume and verified the filesystem.,Medium,Incident
nas mount fault,monitoring flagged nas mount unresponsive; san intermittent across several users; nas mount degraded,Storage,Reclaimed/expanded capacity; remounted the volume and verified the filesystem.,Medium,Incident
mount point report,users report mount point delayed; block storage degraded in a branch office; mount point unresponsive,Storage,Reclaimed/expanded capacity; remounted the volume and verified the filesystem.,Medium,Incident
volume capacity case,noticed that volume capacity recurring; san erratic in one department; volume capacity stalling,Storage,Reclaimed/expanded capacity; remounted the volume and verified the filesystem.,Medium,Incident
archive tier alert,users report archive tier degraded; mount point unresponsive at multiple sites; archive tier recurring,Storage,Reclaimed/expanded capacity; remounted the volume and verified the filesystem.,Medium,Incident
raid array report,monitoring flagged raid array stalling; inode recurring in production; raid array unresponsive,Storage,Reclaimed/expanded capacity; remounted the volume and verified the filesystem.,Medium,Incident
mount point report,we are seeing mount point unstable; raid array failing at multiple sites; mount point stalling,Storage,Reclaimed/expanded capacity; remounted the volume and verified the filesystem.,Medium,Incident
lun case,monitoring flagged lun flapping; mount point unresponsive in production; lun stalling,Storage,Reclaimed/expanded capacity; remounted the volume and verified the filesystem.,Medium,Incident
inode report,users report inode stalling; mount point unresponsive in one department; inode erratic,Storage,Reclaimed/expanded capacity; remounted the volume and verified the filesystem.,Medium,Incident
archive tier issue,we are seeing archive tier unresponsive; quota exceeded unstable in a branch office; archive tier delayed,Storage,Reclaimed/expanded capacity; remounted the volume and verified the filesystem.,Medium,Incident
lun issue,lun degraded; archive tier failing during the night shift; lun delayed,Storage,Reclaimed/expanded capacity; remounted the volume and verified the filesystem.,Medium,Incident
mount point alert,escalated because mount point failing; quota exceeded delayed in one department; mount point unresponsive,Storage,Reclaimed/expanded capacity; remounted the volume and verified the filesystem.,Medium,Incident
raid array alert,escalated because raid array recurring; filesystem unresponsive for the team; raid array unstable,Storage,Reclaimed/expanded capacity; remounted the volume and verified the filesystem.,Medium,Incident
filesystem fault,monitoring flagged filesystem failing; raid array intermittent in one department; filesystem recurring,Storage,Reclaimed/expanded capacity; remounted the volume and verified the filesystem.,Medium,Incident
inode alert,escalated because inode recurring; nas mount recurring in production; inode unstable,Storage,Reclaimed/expanded capacity; remounted the volume and verified the filesystem.,Medium,Incident
disk full request,ongoing disk full erratic; san intermittent in production; disk full degraded,Storage,Reclaimed/expanded capacity; remounted the volume and verified the filesystem.,Medium,Incident
san case,tracking san intermittent; disk full delayed after the upgrade; san stalling,Storage,Reclaimed/expanded capacity; remounted the volume and verified the filesystem.,Medium,Incident
inode issue,ongoing inode stalling; disk full degraded in a branch office; inode delayed,Storage,Reclaimed/expanded capacity; remounted the volume and verified the filesystem.,Medium,Incident
quota exceeded fault,noticed that quota exceeded unstable; block storage flapping for the team; quota exceeded flapping,Storage,Reclaimed/expanded capacity; remounted the volume and verified the filesystem.,Medium,Incident
block storage report,noticed that block storage intermittent; snapshot delayed in production; block storage flapping,Storage,Reclaimed/expanded capacity; remounted the volume and verified the filesystem.,Medium,Incident
inode fault,escalated because inode failing; mount point delayed in one department; inode unstable,Storage,Reclaimed/expanded capacity; remounted the volume and verified the filesystem.,Medium,Incident
san fault,monitoring flagged san unresponsive; volume capacity intermittent in one department; san unstable,Storage,Reclaimed/expanded capacity; remounted the volume and verified the filesystem.,Medium,Incident
raid array case,noticed that raid array degraded; quota exceeded intermittent for the team; raid array flapping,Storage,Reclaimed/expanded capacity; remounted the volume and verified the filesystem.,Medium,Incident
inode report,monitoring flagged inode erratic; archive tier intermittent during the night shift; inode recurring,Storage,Reclaimed/expanded capacity; remounted the volume and verified the filesystem.,Medium,Incident
disk full issue,monitoring flagged disk full unstable; san recurring in one department; disk full recurring,Storage,Reclaimed/expanded capacity; remounted the volume and verified the filesystem.,Medium,Incident
archive tier issue,monitoring flagged archive tier recurring; block storage unstable in a branch office; archive tier failing,Storage,Reclaimed/expanded capacity; remounted the volume and verified the filesystem.,Medium,Incident
nas mount report,ongoing nas mount recurring; block storage recurring for the team; nas mount failing,Storage,Reclaimed/expanded capacity; remounted the volume and verified the filesystem.,Medium,Incident
san fault,we are seeing san erratic; inode erratic during the night shift; san unstable,Storage,Reclaimed/expanded capacity; remounted the volume and verified the filesystem.,Medium,Incident
quota exceeded request,ongoing quota exceeded recurring; nas mount unstable in one department; quota exceeded recurring,Storage,Reclaimed/expanded capacity; remounted the volume and verified the filesystem.,Medium,Incident
lun ticket,users report lun erratic; archive tier recurring at multiple sites; lun recurring,Storage,Reclaimed/expanded capacity; remounted the volume and verified the filesystem.,Medium,Incident
filesystem alert,tracking filesystem degraded; mount point failing in one department; filesystem intermittent,Storage,Reclaimed/expanded capacity; remounted the volume and verified the filesystem.,Medium,Incident
quota exceeded alert,quota exceeded erratic; volume capacity recurring for the team; quota exceeded recurring,Storage,Reclaimed/expanded capacity; remounted the volume and verified the filesystem.,Medium,Incident
volume capacity case,volume capacity unstable; inode recurring during the night shift; volume capacity delayed,Storage,Reclaimed/expanded capacity; remounted the volume and verified the filesystem.,Medium,Incident
block storage ticket,we are seeing block storage failing; filesystem delayed after the upgrade; block storage flapping,Storage,Reclaimed/expanded capacity; remounted the volume and verified the filesystem.,Medium,Incident
mount point ticket,tracking mount point recurring; filesystem recurring in one department; mount point degraded,Storage,Reclaimed/expanded capacity; remounted the volume and verified the filesystem.,Medium,Incident
snapshot request,tracking snapshot intermittent; inode degraded in a branch office; snapshot unresponsive,Storage,Reclaimed/expanded capacity; remounted the volume and verified the filesystem.,Medium,Incident
san case,users report san failing; disk full recurring across several users; san delayed,Storage,Reclaimed/expanded capacity; remounted the volume and verified the filesystem.,Medium,Incident
filesystem alert,users report filesystem stalling; archive tier flapping in one department; filesystem stalling,Storage,Reclaimed/expanded capacity; remounted the volume and verified the filesystem.,Medium,Incident
filesystem fault,tracking filesystem unresponsive; archive tier unresponsive in production; filesystem delayed,Storage,Reclaimed/expanded capacity; remounted the volume and verified the filesystem.,Medium,Incident
quota exceeded case,escalated because quota exceeded flapping; snapshot intermittent in one department; quota exceeded flapping,Storage,Reclaimed/expanded capacity; remounted the volume and verified the filesystem.,Medium,Incident
raid array fault,noticed that raid array erratic; block storage unresponsive during the night shift; raid array unresponsive,Storage,Reclaimed/expanded capacity; remounted the volume and verified the filesystem.,Medium,Incident
lun request,monitoring flagged lun degraded; nas mount intermittent for the team; lun erratic,Storage,Reclaimed/expanded capacity; remounted the volume and verified the filesystem.,Medium,Incident
san report,san stalling; block storage delayed in one department; san recurring,Storage,Reclaimed/expanded capacity; remounted the volume and verified the filesystem.,Medium,Incident
filesystem issue,tracking filesystem degraded; archive tier unstable for the team; filesystem erratic,Storage,Reclaimed/expanded capacity; remounted the volume and verified the filesystem.,Medium,Incident
volume capacity alert,volume capacity stalling; snapshot degraded during the night shift; volume capacity recurring,Storage,Reclaimed/expanded capacity; remounted the volume and verified the filesystem.,Medium,Incident
filesystem case,filesystem delayed; quota exceeded unresponsive in one department; filesystem recurring,Storage,Reclaimed/expanded capacity; remounted the volume and verified the filesystem.,Medium,Incident
archive tier report,ongoing archive tier failing; inode intermittent at multiple sites; archive tier delayed,Storage,Reclaimed/expanded capacity; remounted the volume and verified the filesystem.,Medium,Incident
disk full fault,monitoring flagged disk full delayed; quota exceeded intermittent across several users; disk full recurring,Storage,Reclaimed/expanded capacity; remounted the volume and verified the filesystem.,Medium,Incident
raid array case,ongoing raid array failing; san unstable during the night shift; raid array degraded,Storage,Reclaimed/expanded capacity; remounted the volume and verified the filesystem.,Medium,Incident
raid array report,raid array flapping; archive tier recurring for the team; raid array intermittent,Storage,Reclaimed/expanded capacity; remounted the volume and verified the filesystem.,Medium,Incident
volume capacity ticket,noticed that volume capacity delayed; block storage recurring in a branch office; volume capacity stalling,Storage,Reclaimed/expanded capacity; remounted the volume and verified the filesystem.,Medium,Incident
san alert,san erratic; quota exceeded flapping in a branch office; san recurring,Storage,Reclaimed/expanded capacity; remounted the volume and verified the filesystem.,Medium,Incident
nas mount fault,ongoing nas mount degraded; filesystem delayed in production; nas mount degraded,Storage,Reclaimed/expanded capacity; remounted the volume and verified the filesystem.,Medium,Incident
volume capacity ticket,escalated because volume capacity delayed; block storage recurring during the night shift; volume capacity unresponsive,Storage,Reclaimed/expanded capacity; remounted the volume and verified the filesystem.,Medium,Incident
quota exceeded request,escalated because quota exceeded intermittent; inode stalling across several users; quota exceeded erratic,Storage,Reclaimed/expanded capacity; remounted the volume and verified the filesystem.,Medium,Incident
inode ticket,we are seeing inode degraded; volume capacity flapping in production; inode intermittent,Storage,Reclaimed/expanded capacity; remounted the volume and verified the filesystem.,Medium,Incident
filesystem fault,we are seeing filesystem delayed; raid array failing in a branch office; filesystem unresponsive,Storage,Reclaimed/expanded capacity; remounted the volume and verified the filesystem.,Medium,Incident
volume capacity case,monitoring flagged volume capacity stalling; filesystem degraded after the upgrade; volume capacity delayed,Storage,Reclaimed/expanded capacity; remounted the volume and verified the filesystem.,Medium,Incident
raid array alert,we are seeing raid array recurring; mount point unresponsive after the upgrade; raid array unstable,Storage,Reclaimed/expanded capacity; remounted the volume and verified the filesystem.,Medium,Incident
lun alert,we are seeing lun intermittent; san unresponsive at multiple sites; lun intermittent,Storage,Reclaimed/expanded capacity; remounted the volume and verified the filesystem.,Medium,Incident
san ticket,users report san unstable; quota exceeded degraded after the upgrade; san degraded,Storage,Reclaimed/expanded capacity; remounted the volume and verified the filesystem.,Medium,Incident
quota exceeded request,noticed that quota exceeded delayed; disk full failing in production; quota exceeded erratic,Storage,Reclaimed/expanded capacity; remounted the volume and verified the filesystem.,Medium,Incident
inode request,ongoing inode unresponsive; quota exceeded erratic during the night shift; inode unstable,Storage,Reclaimed/expanded capacity; remounted the volume and verified the filesystem.,Medium,Incident
san alert,escalated because san failing; quota exceeded delayed across several users; san flapping,Storage,Reclaimed/expanded capacity; remounted the volume and verified the filesystem.,Medium,Incident
block storage report,escalated because block storage unstable; raid array erratic in production; block storage degraded,Storage,Reclaimed/expanded capacity; remounted the volume and verified the filesystem.,Medium,Incident
lun issue,users report lun intermittent; disk full flapping in production; lun recurring,Storage,Reclaimed/expanded capacity; remounted the volume and verified the filesystem.,Medium,Incident
raid array request,ongoing raid array unresponsive; quota exceeded unstable at multiple sites; raid array delayed,Storage,Reclaimed/expanded capacity; remounted the volume and verified the filesystem.,Medium,Incident
snapshot fault,escalated because snapshot stalling; inode stalling during the night shift; snapshot unstable,Storage,Reclaimed/expanded capacity; remounted the volume and verified the filesystem.,Medium,Incident
san case,ongoing san stalling; filesystem stalling after the upgrade; san flapping,Storage,Reclaimed/expanded capacity; remounted the volume and verified the filesystem.,Medium,Incident
nas mount alert,ongoing nas mount recurring; quota exceeded intermittent at multiple sites; nas mount degraded,Storage,Reclaimed/expanded capacity; remounted the volume and verified the filesystem.,Medium,Incident
block storage request,monitoring flagged block storage flapping; filesystem intermittent after the upgrade; block storage unstable,Storage,Reclaimed/expanded capacity; remounted the volume and verified the filesystem.,Medium,Incident
mount point alert,noticed that mount point flapping; disk full erratic after the upgrade; mount point unstable,Storage,Reclaimed/expanded capacity; remounted the volume and verified the filesystem.,Medium,Incident
snapshot fault,users report snapshot recurring; mount point failing in one department; snapshot flapping,Storage,Reclaimed/expanded capacity; remounted the volume and verified the filesystem.,Medium,Incident
disk full request,escalated because disk full unresponsive; san erratic in production; disk full degraded,Storage,Reclaimed/expanded capacity; remounted the volume and verified the filesystem.,Medium,Incident
snapshot ticket,noticed that snapshot delayed; raid array delayed across several users; snapshot unresponsive,Storage,Reclaimed/expanded capacity; remounted the volume and verified the filesystem.,Medium,Incident
filesystem ticket,monitoring flagged filesystem recurring; volume capacity intermittent in a branch office; filesystem recurring,Storage,Reclaimed/expanded capacity; remounted the volume and verified the filesystem.,Medium,Incident
raid array case,users report raid array delayed; mount point erratic during the night shift; raid array erratic,Storage,Reclaimed/expanded capacity; remounted the volume and verified the filesystem.,Medium,Incident
quota exceeded report,tracking quota exceeded unstable; snapshot unstable during the night shift; quota exceeded stalling,Storage,Reclaimed/expanded capacity; remounted the volume and verified the filesystem.,Medium,Incident
volume capacity alert,noticed that volume capacity stalling; mount point intermittent in a branch office; volume capacity stalling,Storage,Reclaimed/expanded capacity; remounted the volume and verified the filesystem.,Medium,Incident
lun fault,noticed that lun flapping; snapshot unresponsive after the upgrade; lun erratic,Storage,Reclaimed/expanded capacity; remounted the volume and verified the filesystem.,Medium,Incident
filesystem alert,ongoing filesystem failing; nas mount unstable for the team; filesystem intermittent,Storage,Reclaimed/expanded capacity; remounted the volume and verified the filesystem.,Medium,Incident
san report,escalated because san degraded; nas mount degraded across several users; san degraded,Storage,Reclaimed/expanded capacity; remounted the volume and verified the filesystem.,Medium,Incident
disk full fault,monitoring flagged disk full degraded; filesystem degraded for the team; disk full unresponsive,Storage,Reclaimed/expanded capacity; remounted the volume and verified the filesystem.,Medium,Incident
archive tier ticket,escalated because archive tier intermittent; filesystem intermittent in one department; archive tier unresponsive,Storage,Reclaimed/expanded capacity; remounted the volume and verified the filesystem.,Medium,Incident
nas mount request,noticed that nas mount unstable; block storage failing in production; nas mount failing,Storage,Reclaimed/expanded capacity; remounted the volume and verified the filesystem.,Medium,Incident
inode request,escalated because inode delayed; mount point unresponsive in one department; inode delayed,Storage,Reclaimed/expanded capacity; remounted the volume and verified the filesystem.,Medium,Incident
lun alert,tracking lun recurring; block storage recurring in a branch office; lun erratic,Storage,Reclaimed/expanded capacity; remounted the volume and verified the filesystem.,Medium,Incident
raid array fault,ongoing raid array intermittent; inode degraded in production; raid array erratic,Storage,Reclaimed/expanded capacity; remounted the volume and verified the filesystem.,Medium,Incident
filesystem alert,monitoring flagged filesystem unresponsive; snapshot failing in production; filesystem failing,Storage,Reclaimed/expanded capacity; remounted the volume and verified the filesystem.,Medium,Incident
snapshot fault,ongoing snapshot failing; inode erratic across several users; snapshot erratic,Storage,Reclaimed/expanded capacity; remounted the volume and verified the filesystem.,Medium,Incident
mount point request,mount point unresponsive; filesystem recurring in production; mount point intermittent,Storage,Reclaimed/expanded capacity; remounted the volume and verified the filesystem.,Medium,Incident
san fault,monitoring flagged san flapping; filesystem flapping during the night shift; san intermittent,Storage,Reclaimed/expanded capacity; remounted the volume and verified the filesystem.,Medium,Incident
filesystem ticket,ongoing filesystem degraded; san flapping in a branch office; filesystem intermittent,Storage,Reclaimed/expanded capacity; remounted the volume and verified the filesystem.,Medium,Incident
archive tier fault,users report archive tier unresponsive; lun flapping in one department; archive tier intermittent,Storage,Reclaimed/expanded capacity; remounted the volume and verified the filesystem.,Medium,Incident
nas mount issue,ongoing nas mount erratic; snapshot recurring after the upgrade; nas mount erratic,Storage,Reclaimed/expanded capacity; remounted the volume and verified the filesystem.,Medium,Incident
san issue,san unstable; raid array failing in one department; san delayed,Storage,Reclaimed/expanded capacity; remounted the volume and verified the filesystem.,Medium,Incident
volume capacity ticket,we are seeing volume capacity unstable; snapshot erratic for the team; volume capacity failing,Storage,Reclaimed/expanded capacity; remounted the volume and verified the filesystem.,Medium,Incident
nas mount report,ongoing nas mount intermittent; disk full stalling after the upgrade; nas mount flapping,Storage,Reclaimed/expanded capacity; remounted the volume and verified the filesystem.,Medium,Incident
raid array case,monitoring flagged raid array failing; inode stalling across several users; raid array degraded,Storage,Reclaimed/expanded capacity; remounted the volume and verified the filesystem.,Medium,Incident
snapshot issue,we are seeing snapshot delayed; filesystem erratic in a branch office; snapshot unstable,Storage,Reclaimed/expanded capacity; remounted the volume and verified the filesystem.,Medium,Incident
filesystem issue,we are seeing filesystem intermittent; disk full flapping across several users; filesystem erratic,Storage,Reclaimed/expanded capacity; remounted the volume and verified the filesystem.,Medium,Incident
san case,escalated because san degraded; inode delayed during the night shift; san intermittent,Storage,Reclaimed/expanded capacity; remounted the volume and verified the filesystem.,Medium,Incident
archive tier ticket,users report archive tier unstable; snapshot failing in a branch office; archive tier delayed,Storage,Reclaimed/expanded capacity; remounted the volume and verified the filesystem.,Medium,Incident
inode ticket,we are seeing inode intermittent; archive tier stalling for the team; inode failing,Storage,Reclaimed/expanded capacity; remounted the volume and verified the filesystem.,Medium,Incident
san report,ongoing san stalling; archive tier failing for the team; san unstable,Storage,Reclaimed/expanded capacity; remounted the volume and verified the filesystem.,Medium,Incident
filesystem issue,monitoring flagged filesystem failing; san recurring in production; filesystem erratic,Storage,Reclaimed/expanded capacity; remounted the volume and verified the filesystem.,Medium,Incident
mount point alert,noticed that mount point unstable; volume capacity erratic across several users; mount point degraded,Storage,Reclaimed/expanded capacity; remounted the volume and verified the filesystem.,Medium,Incident
disk full case,monitoring flagged disk full unstable; raid array delayed after the upgrade; disk full degraded,Storage,Reclaimed/expanded capacity; remounted the volume and verified the filesystem.,Medium,Incident
san fault,san stalling; raid array erratic during the night shift; san intermittent,Storage,Reclaimed/expanded capacity; remounted the volume and verified the filesystem.,Medium,Incident
raid array alert,escalated because raid array unresponsive; lun failing in a branch office; raid array erratic,Storage,Reclaimed/expanded capacity; remounted the volume and verified the filesystem.,Medium,Incident
block storage report,noticed that block storage intermittent; lun recurring in production; block storage unstable,Storage,Reclaimed/expanded capacity; remounted the volume and verified the filesystem.,Medium,Incident
lun ticket,users report lun recurring; inode delayed in one department; lun unstable,Storage,Reclaimed/expanded capacity; remounted the volume and verified the filesystem.,Medium,Incident
inode request,escalated because inode unresponsive; snapshot delayed across several users; inode stalling,Storage,Reclaimed/expanded capacity; remounted the volume and verified the filesystem.,Medium,Incident
mount point fault,noticed that mount point flapping; archive tier unstable at multiple sites; mount point failing,Storage,Reclaimed/expanded capacity; remounted the volume and verified the filesystem.,Medium,Incident
raid array issue,escalated because raid array delayed; lun flapping in one department; raid array intermittent,Storage,Reclaimed/expanded capacity; remounted the volume and verified the filesystem.,Medium,Incident
quota exceeded ticket,users report quota exceeded flapping; snapshot stalling for the team; quota exceeded degraded,Storage,Reclaimed/expanded capacity; remounted the volume and verified the filesystem.,Medium,Incident
disk full alert,escalated because disk full failing; nas mount intermittent at multiple sites; disk full degraded,Storage,Reclaimed/expanded capacity; remounted the volume and verified the filesystem.,Medium,Incident
volume capacity fault,ongoing volume capacity flapping; disk full erratic across several users; volume capacity delayed,Storage,Reclaimed/expanded capacity; remounted the volume and verified the filesystem.,Medium,Incident
raid array fault,escalated because raid array degraded; san failing for the team; raid array intermittent,Storage,Reclaimed/expanded capacity; remounted the volume and verified the filesystem.,Medium,Incident
inode issue,noticed that inode stalling; archive tier delayed across several users; inode flapping,Storage,Reclaimed/expanded capacity; remounted the volume and verified the filesystem.,Medium,Incident
quota exceeded fault,users report quota exceeded failing; snapshot degraded at multiple sites; quota exceeded unresponsive,Storage,Reclaimed/expanded capacity; remounted the volume and verified the filesystem.,Medium,Incident
block storage issue,we are seeing block storage intermittent; volume capacity delayed at multiple sites; block storage flapping,Storage,Reclaimed/expanded capacity; remounted the volume and verified the filesystem.,Medium,Incident
block storage alert,tracking block storage recurring; archive tier unstable for the team; block storage delayed,Storage,Reclaimed/expanded capacity; remounted the volume and verified the filesystem.,Medium,Incident
mount point fault,users report mount point stalling; archive tier erratic in one department; mount point flapping,Storage,Reclaimed/expanded capacity; remounted the volume and verified the filesystem.,Medium,Incident
mount point fault,monitoring flagged mount point flapping; nas mount delayed after the upgrade; mount point stalling,Storage,Reclaimed/expanded capacity; remounted the volume and verified the filesystem.,Medium,Incident
raid array fault,tracking raid array stalling; mount point stalling in production; raid array flapping,Storage,Reclaimed/expanded capacity; remounted the volume and verified the filesystem.,Medium,Incident
quota exceeded fault,ongoing quota exceeded delayed; san intermittent in production; quota exceeded flapping,Storage,Reclaimed/expanded capacity; remounted the volume and verified the filesystem.,Medium,Incident
inode report,inode failing; mount point failing in one department; inode unresponsive,Storage,Reclaimed/expanded capacity; remounted the volume and verified the filesystem.,Medium,Incident
snapshot ticket,snapshot intermittent; disk full intermittent in a branch office; snapshot stalling,Storage,Reclaimed/expanded capacity; remounted the volume and verified the filesystem.,Medium,Incident
block storage fault,users report block storage recurring; mount point recurring across several users; block storage unstable,Storage,Reclaimed/expanded capacity; remounted the volume and verified the filesystem.,Medium,Incident
inode alert,we are seeing inode unstable; raid array unresponsive at multiple sites; inode stalling,Storage,Reclaimed/expanded capacity; remounted the volume and verified the filesystem.,Medium,Incident
snapshot issue,we are seeing snapshot recurring; mount point flapping for the team; snapshot recurring,Storage,Reclaimed/expanded capacity; remounted the volume and verified the filesystem.,Medium,Incident
lun request,users report lun erratic; raid array unstable in a branch office; lun erratic,Storage,Reclaimed/expanded capacity; remounted the volume and verified the filesystem.,Medium,Incident
disk full request,disk full recurring; lun flapping in production; disk full degraded,Storage,Reclaimed/expanded capacity; remounted the volume and verified the filesystem.,Medium,Incident
raid array report,raid array degraded; filesystem intermittent during the night shift; raid array recurring,Storage,Reclaimed/expanded capacity; remounted the volume and verified the filesystem.,Medium,Incident
disk full fault,monitoring flagged disk full failing; snapshot stalling in production; disk full delayed,Storage,Reclaimed/expanded capacity; remounted the volume and verified the filesystem.,Medium,Incident
block storage alert,escalated because block storage unstable; lun failing for the team; block storage flapping,Storage,Reclaimed/expanded capacity; remounted the volume and verified the filesystem.,Medium,Incident
san ticket,noticed that san flapping; filesystem unstable for the team; san unstable,Storage,Reclaimed/expanded capacity; remounted the volume and verified the filesystem.,Medium,Incident
inode case,ongoing inode failing; quota exceeded delayed for the team; inode flapping,Storage,Reclaimed/expanded capacity; remounted the volume and verified the filesystem.,Medium,Incident
filesystem report,we are seeing filesystem unstable; block storage unstable after the upgrade; filesystem erratic,Storage,Reclaimed/expanded capacity; remounted the volume and verified the filesystem.,Medium,Incident
filesystem fault,we are seeing filesystem intermittent; archive tier delayed at multiple sites; filesystem recurring,Storage,Reclaimed/expanded capacity; remounted the volume and verified the filesystem.,Medium,Incident
volume capacity request,users report volume capacity flapping; snapshot stalling for the team; volume capacity recurring,Storage,Reclaimed/expanded capacity; remounted the volume and verified the filesystem.,Medium,Incident
archive tier report,noticed that archive tier stalling; filesystem stalling in production; archive tier intermittent,Storage,Reclaimed/expanded capacity; remounted the volume and verified the filesystem.,Medium,Incident
quota exceeded issue,escalated because quota exceeded unresponsive; archive tier unstable in one department; quota exceeded stalling,Storage,Reclaimed/expanded capacity; remounted the volume and verified the filesystem.,Medium,Incident
inode request,monitoring flagged inode intermittent; disk full intermittent for the team; inode stalling,Storage,Reclaimed/expanded capacity; remounted the volume and verified the filesystem.,Medium,Incident
volume capacity issue,ongoing volume capacity intermittent; lun recurring across several users; volume capacity unstable,Storage,Reclaimed/expanded capacity; remounted the volume and verified the filesystem.,Medium,Incident
raid array request,escalated because raid array degraded; lun unresponsive across several users; raid array erratic,Storage,Reclaimed/expanded capacity; remounted the volume and verified the filesystem.,Medium,Incident
raid array case,ongoing raid array delayed; san intermittent after the upgrade; raid array intermittent,Storage,Reclaimed/expanded capacity; remounted the volume and verified the filesystem.,Medium,Incident
quota exceeded alert,quota exceeded failing; lun flapping in a branch office; quota exceeded recurring,Storage,Reclaimed/expanded capacity; remounted the volume and verified the filesystem.,Medium,Incident
nas mount ticket,nas mount intermittent; disk full recurring after the upgrade; nas mount unresponsive,Storage,Reclaimed/expanded capacity; remounted the volume and verified the filesystem.,Medium,Incident
archive tier issue,users report archive tier flapping; disk full unresponsive across several users; archive tier stalling,Storage,Reclaimed/expanded capacity; remounted the volume and verified the filesystem.,Medium,Incident
snapshot report,users report snapshot intermittent; archive tier flapping in production; snapshot delayed,Storage,Reclaimed/expanded capacity; remounted the volume and verified the filesystem.,Medium,Incident
inode fault,escalated because inode degraded; quota exceeded unstable across several users; inode intermittent,Storage,Reclaimed/expanded capacity; remounted the volume and verified the filesystem.,Medium,Incident
disk full fault,tracking disk full unresponsive; san stalling in one department; disk full erratic,Storage,Reclaimed/expanded capacity; remounted the volume and verified the filesystem.,Medium,Incident
disk full case,we are seeing disk full stalling; raid array stalling in a branch office; disk full unresponsive,Storage,Reclaimed/expanded capacity; remounted the volume and verified the filesystem.,Medium,Incident
mount point case,ongoing mount point unresponsive; disk full flapping at multiple sites; mount point failing,Storage,Reclaimed/expanded capacity; remounted the volume and verified the filesystem.,Medium,Incident
nas mount report,we are seeing nas mount unstable; raid array degraded during the night shift; nas mount flapping,Storage,Reclaimed/expanded capacity; remounted the volume and verified the filesystem.,Medium,Incident
san alert,noticed that san flapping; quota exceeded unresponsive after the upgrade; san recurring,Storage,Reclaimed/expanded capacity; remounted the volume and verified the filesystem.,Medium,Incident
block storage alert,we are seeing block storage unstable; nas mount recurring in one department; block storage delayed,Storage,Reclaimed/expanded capacity; remounted the volume and verified the filesystem.,Medium,Incident
snapshot case,monitoring flagged snapshot delayed; lun unstable in one department; snapshot flapping,Storage,Reclaimed/expanded capacity; remounted the volume and verified the filesystem.,Medium,Incident
raid array fault,noticed that raid array delayed; volume capacity degraded in one department; raid array unstable,Storage,Reclaimed/expanded capacity; remounted the volume and verified the filesystem.,Medium,Incident
lun request,ongoing lun stalling; disk full flapping after the upgrade; lun flapping,Storage,Reclaimed/expanded capacity; remounted the volume and verified the filesystem.,Medium,Incident
lun case,users report lun unresponsive; archive tier unstable in one department; lun intermittent,Storage,Reclaimed/expanded capacity; remounted the volume and verified the filesystem.,Medium,Incident
nas mount request,we are seeing nas mount recurring; disk full recurring at multiple sites; nas mount unresponsive,Storage,Reclaimed/expanded capacity; remounted the volume and verified the filesystem.,Medium,Incident
san issue,monitoring flagged san stalling; archive tier degraded after the upgrade; san erratic,Storage,Reclaimed/expanded capacity; remounted the volume and verified the filesystem.,Medium,Incident
lun ticket,escalated because lun unstable; archive tier flapping in one department; lun erratic,Storage,Reclaimed/expanded capacity; remounted the volume and verified the filesystem.,Medium,Incident
nas mount alert,ongoing nas mount failing; san flapping during the night shift; nas mount failing,Storage,Reclaimed/expanded capacity; remounted the volume and verified the filesystem.,Medium,Incident
san case,monitoring flagged san intermittent; lun intermittent after the upgrade; san degraded,Storage,Reclaimed/expanded capacity; remounted the volume and verified the filesystem.,Medium,Incident
quota exceeded case,tracking quota exceeded stalling; inode erratic during the night shift; quota exceeded intermittent,Storage,Reclaimed/expanded capacity; remounted the volume and verified the filesystem.,Medium,Incident
mount point fault,mount point flapping; disk full stalling for the team; mount point flapping,Storage,Reclaimed/expanded capacity; remounted the volume and verified the filesystem.,Medium,Incident
inode request,tracking inode failing; mount point intermittent across several users; inode delayed,Storage,Reclaimed/expanded capacity; remounted the volume and verified the filesystem.,Medium,Incident
block storage fault,escalated because block storage failing; filesystem intermittent during the night shift; block storage unresponsive,Storage,Reclaimed/expanded capacity; remounted the volume and verified the filesystem.,Medium,Incident
snapshot report,snapshot unstable; mount point flapping in one department; snapshot unresponsive,Storage,Reclaimed/expanded capacity; remounted the volume and verified the filesystem.,Medium,Incident
inode report,monitoring flagged inode degraded; archive tier delayed in one department; inode degraded,Storage,Reclaimed/expanded capacity; remounted the volume and verified the filesystem.,Medium,Incident
filesystem ticket,escalated because filesystem erratic; mount point failing at multiple sites; filesystem unstable,Storage,Reclaimed/expanded capacity; remounted the volume and verified the filesystem.,Medium,Incident
inode ticket,users report inode stalling; volume capacity unstable for the team; inode degraded,Storage,Reclaimed/expanded capacity; remounted the volume and verified the filesystem.,Medium,Incident
lun case,tracking lun stalling; inode degraded in one department; lun delayed,Storage,Reclaimed/expanded capacity; remounted the volume and verified the filesystem.,Medium,Incident
filesystem report,monitoring flagged filesystem failing; block storage unstable in one department; filesystem stalling,Storage,Reclaimed/expanded capacity; remounted the volume and verified the filesystem.,Medium,Incident
nas mount request,ongoing nas mount failing; mount point flapping after the upgrade; nas mount unresponsive,Storage,Reclaimed/expanded capacity; remounted the volume and verified the filesystem.,Medium,Incident
snapshot alert,snapshot degraded; archive tier unstable in a branch office; snapshot intermittent,Storage,Reclaimed/expanded capacity; remounted the volume and verified the filesystem.,Medium,Incident
disk full report,escalated because disk full erratic; inode delayed at multiple sites; disk full failing,Storage,Reclaimed/expanded capacity; remounted the volume and verified the filesystem.,Medium,Incident
san case,escalated because san erratic; quota exceeded erratic for the team; san flapping,Storage,Reclaimed/expanded capacity; remounted the volume and verified the filesystem.,Medium,Incident
quota exceeded issue,we are seeing quota exceeded intermittent; mount point delayed across several users; quota exceeded unresponsive,Storage,Reclaimed/expanded capacity; remounted the volume and verified the filesystem.,Medium,Incident
nas mount issue,nas mount stalling; mount point failing in a branch office; nas mount unstable,Storage,Reclaimed/expanded capacity; remounted the volume and verified the filesystem.,Medium,Incident
raid array issue,monitoring flagged raid array degraded; volume capacity flapping in a branch office; raid array unstable,Storage,Reclaimed/expanded capacity; remounted the volume and verified the filesystem.,Medium,Incident
quota exceeded case,monitoring flagged quota exceeded recurring; archive tier recurring after the upgrade; quota exceeded delayed,Storage,Reclaimed/expanded capacity; remounted the volume and verified the filesystem.,Medium,Incident
lun ticket,noticed that lun failing; quota exceeded degraded in production; lun unresponsive,Storage,Reclaimed/expanded capacity; remounted the volume and verified the filesystem.,Medium,Incident
filesystem request,ongoing filesystem flapping; volume capacity delayed after the upgrade; filesystem degraded,Storage,Reclaimed/expanded capacity; remounted the volume and verified the filesystem.,Medium,Incident
nas mount case,tracking nas mount unresponsive; volume capacity stalling at multiple sites; nas mount delayed,Storage,Reclaimed/expanded capacity; remounted the volume and verified the filesystem.,Medium,Incident
lun fault,users report lun failing; san degraded after the upgrade; lun recurring,Storage,Reclaimed/expanded capacity; remounted the volume and verified the filesystem.,Medium,Incident
lun fault,noticed that lun unresponsive; mount point flapping in a branch office; lun recurring,Storage,Reclaimed/expanded capacity; remounted the volume and verified the filesystem.,Medium,Incident
block storage fault,escalated because block storage stalling; quota exceeded unstable after the upgrade; block storage recurring,Storage,Reclaimed/expanded capacity; remounted the volume and verified the filesystem.,Medium,Incident
inode fault,inode intermittent; nas mount unresponsive for the team; inode intermittent,Storage,Reclaimed/expanded capacity; remounted the volume and verified the filesystem.,Medium,Incident
disk full case,tracking disk full degraded; inode intermittent during the night shift; disk full recurring,Storage,Reclaimed/expanded capacity; remounted the volume and verified the filesystem.,Medium,Incident
disk full ticket,we are seeing disk full delayed; raid array intermittent in a branch office; disk full failing,Storage,Reclaimed/expanded capacity; remounted the volume and verified the filesystem.,Medium,Incident
hypervisor ticket,noticed that hypervisor unresponsive; memory exhaustion delayed across several users; hypervisor delayed,Infrastructure,Inspected resource usage; restarted the affected host/pod and confirmed stability.,Medium,Incident
memory exhaustion ticket,memory exhaustion stalling; cgroup flapping in one department; memory exhaustion recurring,Infrastructure,Inspected resource usage; restarted the affected host/pod and confirmed stability.,Medium,Incident
host reboot request,host reboot stalling; virtual machine erratic in one department; host reboot erratic,Infrastructure,Inspected resource usage; restarted the affected host/pod and confirmed stability.,Medium,Incident
pod restart case,escalated because pod restart erratic; oom killer delayed during the night shift; pod restart stalling,Infrastructure,Inspected resource usage; restarted the affected host/pod and confirmed stability.,Medium,Incident
node taint request,noticed that node taint delayed; cpu utilization unresponsive across several users; node taint recurring,Infrastructure,Inspected resource usage; restarted the affected host/pod and confirmed stability.,Medium,Incident
host reboot case,monitoring flagged host reboot stalling; kernel panic stalling in a branch office; host reboot degraded,Infrastructure,Inspected resource usage; restarted the affected host/pod and confirmed stability.,Medium,Incident
cpu utilization report,tracking cpu utilization delayed; virtual machine unstable in one department; cpu utilization recurring,Infrastructure,Inspected resource usage; restarted the affected host/pod and confirmed stability.,Medium,Incident
kernel panic request,ongoing kernel panic unresponsive; memory exhaustion stalling during the night shift; kernel panic failing,Infrastructure,Inspected resource usage; restarted the affected host/pod and confirmed stability.,Medium,Incident
memory exhaustion alert,we are seeing memory exhaustion stalling; pod restart erratic in a branch office; memory exhaustion unresponsive,Infrastructure,Inspected resource usage; restarted the affected host/pod and confirmed stability.,Medium,Incident
oom killer ticket,escalated because oom killer failing; memory exhaustion intermittent across several users; oom killer degraded,Infrastructure,Inspected resource usage; restarted the affected host/pod and confirmed stability.,Medium,Incident
pod restart alert,ongoing pod restart intermittent; load average stalling in production; pod restart erratic,Infrastructure,Inspected resource usage; restarted the affected host/pod and confirmed stability.,Medium,Incident
oom killer request,oom killer delayed; memory exhaustion unstable after the upgrade; oom killer intermittent,Infrastructure,Inspected resource usage; restarted the affected host/pod and confirmed stability.,Medium,Incident
kubernetes node issue,users report kubernetes node failing; load average unresponsive in production; kubernetes node failing,Infrastructure,Inspected resource usage; restarted the affected host/pod and confirmed stability.,Medium,Incident
pod restart issue,ongoing pod restart delayed; cpu utilization unresponsive at multiple sites; pod restart failing,Infrastructure,Inspected resource usage; restarted the affected host/pod and confirmed stability.,Medium,Incident
virtual machine alert,noticed that virtual machine unresponsive; host reboot unresponsive after the upgrade; virtual machine delayed,Infrastructure,Inspected resource usage; restarted the affected host/pod and confirmed stability.,Medium,Incident
cgroup ticket,users report cgroup unstable; memory exhaustion unstable across several users; cgroup unresponsive,Infrastructure,Inspected resource usage; restarted the affected host/pod and confirmed stability.,Medium,Incident
kernel panic fault,noticed that kernel panic degraded; load average intermittent in production; kernel panic delayed,Infrastructure,Inspected resource usage; restarted the affected host/pod and confirmed stability.,Medium,Incident
hypervisor case,monitoring flagged hypervisor unresponsive; oom killer recurring for the team; hypervisor intermittent,Infrastructure,Inspected resource usage; restarted the affected host/pod and confirmed stability.,Medium,Incident
hypervisor ticket,monitoring flagged hypervisor delayed; kernel panic erratic across several users; hypervisor failing,Infrastructure,Inspected resource usage; restarted the affected host/pod and confirmed stability.,Medium,Incident
pod restart issue,users report pod restart degraded; cgroup flapping during the night shift; pod restart failing,Infrastructure,Inspected resource usage; restarted the affected host/pod and confirmed stability.,Medium,Incident
kubernetes node case,noticed that kubernetes node recurring; oom killer recurring in a branch office; kubernetes node erratic,Infrastructure,Inspected resource usage; restarted the affected host/pod and confirmed stability.,Medium,Incident
virtual machine case,monitoring flagged virtual machine delayed; host reboot degraded for the team; virtual machine erratic,Infrastructure,Inspected resource usage; restarted the affected host/pod and confirmed stability.,Medium,Incident
node taint issue,escalated because node taint erratic; pod restart unresponsive at multiple sites; node taint erratic,Infrastructure,Inspected resource usage; restarted the affected host/pod and confirmed stability.,Medium,Incident
host reboot request,tracking host reboot recurring; oom killer unresponsive in one department; host reboot stalling,Infrastructure,Inspected resource usage; restarted the affected host/pod and confirmed stability.,Medium,Incident
node taint ticket,node taint stalling; cgroup erratic for the team; node taint erratic,Infrastructure,Inspected resource usage; restarted the affected host/pod and confirmed stability.,Medium,Incident
pod restart ticket,ongoing pod restart erratic; memory exhaustion erratic in production; pod restart unstable,Infrastructure,Inspected resource usage; restarted the affected host/pod and confirmed stability.,Medium,Incident
kernel panic alert,users report kernel panic delayed; node taint degraded in production; kernel panic flapping,Infrastructure,Inspected resource usage; restarted the affected host/pod and confirmed stability.,Medium,Incident
load average issue,tracking load average unresponsive; cgroup delayed during the night shift; load average erratic,Infrastructure,Inspected resource usage; restarted the affected host/pod and confirmed stability.,Medium,Incident
host reboot alert,tracking host reboot delayed; kernel panic unstable for the team; host reboot erratic,Infrastructure,Inspected resource usage; restarted the affected host/pod and confirmed stability.,Medium,Incident
virtual machine request,noticed that virtual machine recurring; host reboot flapping at multiple sites; virtual machine flapping,Infrastructure,Inspected resource usage; restarted the affected host/pod and confirmed stability.,Medium,Incident
oom killer case,users report oom killer degraded; cgroup recurring after the upgrade; oom killer erratic,Infrastructure,Inspected resource usage; restarted the affected host/pod and confirmed stability.,Medium,Incident
virtual machine issue,tracking virtual machine erratic; load average unstable for the team; virtual machine unresponsive,Infrastructure,Inspected resource usage; restarted the affected host/pod and confirmed stability.,Medium,Incident
kernel panic case,escalated because kernel panic recurring; memory exhaustion flapping across several users; kernel panic stalling,Infrastructure,Inspected resource usage; restarted the affected host/pod and confirmed stability.,Medium,Incident
memory exhaustion request,monitoring flagged memory exhaustion unstable; host reboot recurring in one department; memory exhaustion failing,Infrastructure,Inspected resource usage; restarted the affected host/pod and confirmed stability.,Medium,Incident
pod restart ticket,escalated because pod restart flapping; load average recurring at multiple sites; pod restart recurring,Infrastructure,Inspected resource usage; restarted the affected host/pod and confirmed stability.,Medium,Incident
host reboot ticket,tracking host reboot unresponsive; cgroup recurring in production; host reboot unresponsive,Infrastructure,Inspected resource usage; restarted the affected host/pod and confirmed stability.,Medium,Incident
memory exhaustion issue,monitoring flagged memory exhaustion recurring; kernel panic delayed in a branch office; memory exhaustion flapping,Infrastructure,Inspected resource usage; restarted the affected host/pod and confirmed stability.,Medium,Incident
cpu utilization fault,noticed that cpu utilization failing; virtual machine failing for the team; cpu utilization delayed,Infrastructure,Inspected resource usage; restarted the affected host/pod and confirmed stability.,Medium,Incident
hypervisor alert,noticed that hypervisor flapping; cpu utilization recurring during the night shift; hypervisor flapping,Infrastructure,Inspected resource usage; restarted the affected host/pod and confirmed stability.,Medium,Incident
kubernetes node report,escalated because kubernetes node delayed; node taint intermittent in one department; kubernetes node unstable,Infrastructure,Inspected resource usage; restarted the affected host/pod and confirmed stability.,Medium,Incident
host reboot report,ongoing host reboot stalling; load average flapping in one department; host reboot unstable,Infrastructure,Inspected resource usage; restarted the affected host/pod and confirmed stability.,Medium,Incident
oom killer issue,tracking oom killer failing; cpu utilization unstable in one department; oom killer erratic,Infrastructure,Inspected resource usage; restarted the affected host/pod and confirmed stability.,Medium,Incident
memory exhaustion case,tracking memory exhaustion flapping; oom killer erratic in one department; memory exhaustion recurring,Infrastructure,Inspected resource usage; restarted the affected host/pod and confirmed stability.,Medium,Incident
pod restart report,noticed that pod restart delayed; load average erratic at multiple sites; pod restart flapping,Infrastructure,Inspected resource usage; restarted the affected host/pod and confirmed stability.,Medium,Incident
oom killer fault,we are seeing oom killer failing; kubernetes node recurring in a branch office; oom killer erratic,Infrastructure,Inspected resource usage; restarted the affected host/pod and confirmed stability.,Medium,Incident
kubernetes node fault,escalated because kubernetes node stalling; load average failing in production; kubernetes node failing,Infrastructure,Inspected resource usage; restarted the affected host/pod and confirmed stability.,Medium,Incident
memory exhaustion report,ongoing memory exhaustion degraded; kernel panic unstable after the upgrade; memory exhaustion delayed,Infrastructure,Inspected resource usage; restarted the affected host/pod and confirmed stability.,Medium,Incident
load average fault,escalated because load average recurring; memory exhaustion degraded for the team; load average intermittent,Infrastructure,Inspected resource usage; restarted the affected host/pod and confirmed stability.,Medium,Incident
cgroup fault,cgroup recurring; node taint unresponsive in production; cgroup recurring,Infrastructure,Inspected resource usage; restarted the affected host/pod and confirmed stability.,Medium,Incident
load average report,noticed that load average erratic; cpu utilization delayed during the night shift; load average erratic,Infrastructure,Inspected resource usage; restarted the affected host/pod and confirmed stability.,Medium,Incident
virtual machine ticket,ongoing virtual machine unstable; hypervisor failing in a branch office; virtual machine recurring,Infrastructure,Inspected resource usage; restarted the affected host/pod and confirmed stability.,Medium,Incident
cpu utilization report,cpu utilization recurring; cgroup unstable in a branch office; cpu utilization recurring,Infrastructure,Inspected resource usage; restarted the affected host/pod and confirmed stability.,Medium,Incident
node taint issue,monitoring flagged node taint unresponsive; kernel panic erratic for the team; node taint degraded,Infrastructure,Inspected resource usage; restarted the affected host/pod and confirmed stability.,Medium,Incident
hypervisor alert,ongoing hypervisor recurring; node taint unresponsive across several users; hypervisor unresponsive,Infrastructure,Inspected resource usage; restarted the affected host/pod and confirmed stability.,Medium,Incident
node taint fault,escalated because node taint unstable; memory exhaustion recurring in production; node taint unstable,Infrastructure,Inspected resource usage; restarted the affected host/pod and confirmed stability.,Medium,Incident
oom killer request,oom killer intermittent; hypervisor erratic in production; oom killer unstable,Infrastructure,Inspected resource usage; restarted the affected host/pod and confirmed stability.,Medium,Incident
memory exhaustion fault,tracking memory exhaustion unstable; oom killer erratic at multiple sites; memory exhaustion flapping,Infrastructure,Inspected resource usage; restarted the affected host/pod and confirmed stability.,Medium,Incident
cgroup case,noticed that cgroup unstable; pod restart intermittent across several users; cgroup recurring,Infrastructure,Inspected resource usage; restarted the affected host/pod and confirmed stability.,Medium,Incident
cgroup request,escalated because cgroup degraded; hypervisor failing during the night shift; cgroup unstable,Infrastructure,Inspected resource usage; restarted the affected host/pod and confirmed stability.,Medium,Incident
pod restart report,tracking pod restart delayed; hypervisor intermittent after the upgrade; pod restart flapping,Infrastructure,Inspected resource usage; restarted the affected host/pod and confirmed stability.,Medium,Incident
hypervisor fault,escalated because hypervisor flapping; oom killer failing during the night shift; hypervisor unresponsive,Infrastructure,Inspected resource usage; restarted the affected host/pod and confirmed stability.,Medium,Incident
cgroup fault,noticed that cgroup failing; virtual machine degraded during the night shift; cgroup delayed,Infrastructure,Inspected resource usage; restarted the affected host/pod and confirmed stability.,Medium,Incident
kernel panic request,ongoing kernel panic unresponsive; cgroup stalling for the team; kernel panic unresponsive,Infrastructure,Inspected resource usage; restarted the affected host/pod and confirmed stability.,Medium,Incident
hypervisor fault,we are seeing hypervisor flapping; cgroup erratic in production; hypervisor intermittent,Infrastructure,Inspected resource usage; restarted the affected host/pod and confirmed stability.,Medium,Incident
cgroup ticket,users report cgroup delayed; oom killer failing across several users; cgroup failing,Infrastructure,Inspected resource usage; restarted the affected host/pod and confirmed stability.,Medium,Incident
kubernetes node fault,we are seeing kubernetes node degraded; memory exhaustion erratic in a branch office; kubernetes node stalling,Infrastructure,Inspected resource usage; restarted the affected host/pod and confirmed stability.,Medium,Incident
hypervisor issue,hypervisor failing; host reboot recurring at multiple sites; hypervisor degraded,Infrastructure,Inspected resource usage; restarted the affected host/pod and confirmed stability.,Medium,Incident
kernel panic issue,monitoring flagged kernel panic degraded; cgroup degraded during the night shift; kernel panic recurring,Infrastructure,Inspected resource usage; restarted the affected host/pod and confirmed stability.,Medium,Incident
cgroup fault,ongoing cgroup unstable; node taint degraded in a branch office; cgroup unstable,Infrastructure,Inspected resource usage; restarted the affected host/pod and confirmed stability.,Medium,Incident
pod restart issue,noticed that pod restart erratic; cgroup unresponsive in a branch office; pod restart flapping,Infrastructure,Inspected resource usage; restarted the affected host/pod and confirmed stability.,Medium,Incident
oom killer ticket,noticed that oom killer failing; memory exhaustion flapping across several users; oom killer flapping,Infrastructure,Inspected resource usage; restarted the affected host/pod and confirmed stability.,Medium,Incident
hypervisor alert,we are seeing hypervisor erratic; node taint degraded during the night shift; hypervisor erratic,Infrastructure,Inspected resource usage; restarted the affected host/pod and confirmed stability.,Medium,Incident
oom killer report,tracking oom killer degraded; cgroup unstable at multiple sites; oom killer delayed,Infrastructure,Inspected resource usage; restarted the affected host/pod and confirmed stability.,Medium,Incident
kernel panic issue,kernel panic erratic; cgroup unresponsive for the team; kernel panic degraded,Infrastructure,Inspected resource usage; restarted the affected host/pod and confirmed stability.,Medium,Incident
memory exhaustion case,escalated because memory exhaustion unresponsive; kernel panic erratic in one department; memory exhaustion failing,Infrastructure,Inspected resource usage; restarted the affected host/pod and confirmed stability.,Medium,Incident
cgroup issue,monitoring flagged cgroup failing; node taint flapping in production; cgroup unresponsive,Infrastructure,Inspected resource usage; restarted the affected host/pod and confirmed stability.,Medium,Incident
kubernetes node issue,tracking kubernetes node delayed; kernel panic erratic during the night shift; kubernetes node erratic,Infrastructure,Inspected resource usage; restarted the affected host/pod and confirmed stability.,Medium,Incident
node taint fault,escalated because node taint intermittent; memory exhaustion failing for the team; node taint flapping,Infrastructure,Inspected resource usage; restarted the affected host/pod and confirmed stability.,Medium,Incident
kernel panic ticket,kernel panic stalling; load average unresponsive for the team; kernel panic flapping,Infrastructure,Inspected resource usage; restarted the affected host/pod and confirmed stability.,Medium,Incident
virtual machine request,ongoing virtual machine stalling; load average degraded at multiple sites; virtual machine erratic,Infrastructure,Inspected resource usage; restarted the affected host/pod and confirmed stability.,Medium,Incident
oom killer issue,tracking oom killer flapping; load average intermittent for the team; oom killer unresponsive,Infrastructure,Inspected resource usage; restarted the affected host/pod and confirmed stability.,Medium,Incident
cgroup report,monitoring flagged cgroup degraded; virtual machine erratic across several users; cgroup intermittent,Infrastructure,Inspected resource usage; restarted the affected host/pod and confirmed stability.,Medium,Incident
host reboot case,tracking host reboot recurring; cpu utilization intermittent for the team; host reboot erratic,Infrastructure,Inspected resource usage; restarted the affected host/pod and confirmed stability.,Medium,Incident
load average ticket,load average erratic; cgroup delayed across several users; load average erratic,Infrastructure,Inspected resource usage; restarted the affected host/pod and confirmed stability.,Medium,Incident
virtual machine ticket,we are seeing virtual machine failing; cpu utilization flapping after the upgrade; virtual machine degraded,Infrastructure,Inspected resource usage; restarted the affected host/pod and confirmed stability.,Medium,Incident
cgroup alert,cgroup recurring; load average intermittent in one department; cgroup degraded,Infrastructure,Inspected resource usage; restarted the affected host/pod and confirmed stability.,Medium,Incident
pod restart issue,we are seeing pod restart erratic; cgroup recurring in one department; pod restart failing,Infrastructure,Inspected resource usage; restarted the affected host/pod and confirmed stability.,Medium,Incident
cpu utilization case,escalated because cpu utilization failing; oom killer unresponsive in one department; cpu utilization degraded,Infrastructure,Inspected resource usage; restarted the affected host/pod and confirmed stability.,Medium,Incident
kernel panic request,we are seeing kernel panic degraded; memory exhaustion degraded for the team; kernel panic erratic,Infrastructure,Inspected resource usage; restarted the affected host/pod and confirmed stability.,Medium,Incident
host reboot ticket,monitoring flagged host reboot flapping; kubernetes node stalling in production; host reboot degraded,Infrastructure,Inspected resource usage; restarted the affected host/pod and confirmed stability.,Medium,Incident
host reboot fault,users report host reboot unstable; cpu utilization stalling in a branch office; host reboot degraded,Infrastructure,Inspected resource usage; restarted the affected host/pod and confirmed stability.,Medium,Incident
oom killer alert,escalated because oom killer stalling; kubernetes node delayed at multiple sites; oom killer unstable,Infrastructure,Inspected resource usage; restarted the affected host/pod and confirmed stability.,Medium,Incident
kernel panic alert,monitoring flagged kernel panic degraded; cpu utilization recurring across several users; kernel panic flapping,Infrastructure,Inspected resource usage; restarted the affected host/pod and confirmed stability.,Medium,Incident
pod restart issue,ongoing pod restart failing; memory exhaustion unstable during the night shift; pod restart degraded,Infrastructure,Inspected resource usage; restarted the affected host/pod and confirmed stability.,Medium,Incident
node taint case,ongoing node taint unstable; pod restart intermittent after the upgrade; node taint unstable,Infrastructure,Inspected resource usage; restarted the affected host/pod and confirmed stability.,Medium,Incident
kubernetes node alert,monitoring flagged kubernetes node recurring; host reboot failing after the upgrade; kubernetes node recurring,Infrastructure,Inspected resource usage; restarted the affected host/pod and confirmed stability.,Medium,Incident
kernel panic case,kernel panic unresponsive; memory exhaustion stalling at multiple sites; kernel panic flapping,Infrastructure,Inspected resource usage; restarted the affected host/pod and confirmed stability.,Medium,Incident
host reboot fault,we are seeing host reboot degraded; memory exhaustion recurring after the upgrade; host reboot stalling,Infrastructure,Inspected resource usage; restarted the affected host/pod and confirmed stability.,Medium,Incident
cgroup alert,users report cgroup unresponsive; node taint failing in one department; cgroup intermittent,Infrastructure,Inspected resource usage; restarted the affected host/pod and confirmed stability.,Medium,Incident
cgroup report,cgroup unstable; pod restart unstable in production; cgroup failing,Infrastructure,Inspected resource usage; restarted the affected host/pod and confirmed stability.,Medium,Incident
hypervisor report,escalated because hypervisor unresponsive; host reboot stalling across several users; hypervisor recurring,Infrastructure,Inspected resource usage; restarted the affected host/pod and confirmed stability.,Medium,Incident
memory exhaustion fault,escalated because memory exhaustion unstable; cpu utilization unstable for the team; memory exhaustion failing,Infrastructure,Inspected resource usage; restarted the affected host/pod and confirmed stability.,Medium,Incident
memory exhaustion case,noticed that memory exhaustion erratic; host reboot recurring during the night shift; memory exhaustion recurring,Infrastructure,Inspected resource usage; restarted the affected host/pod and confirmed stability.,Medium,Incident
host reboot ticket,we are seeing host reboot intermittent; cgroup degraded for the team; host reboot stalling,Infrastructure,Inspected resource usage; restarted the affected host/pod and confirmed stability.,Medium,Incident
host reboot request,users report host reboot intermittent; kubernetes node flapping after the upgrade; host reboot intermittent,Infrastructure,Inspected resource usage; restarted the affected host/pod and confirmed stability.,Medium,Incident
kernel panic issue,escalated because kernel panic flapping; pod restart unstable in one department; kernel panic intermittent,Infrastructure,Inspected resource usage; restarted the affected host/pod and confirmed stability.,Medium,Incident
kubernetes node alert,ongoing kubernetes node erratic; virtual machine intermittent at multiple sites; kubernetes node stalling,Infrastructure,Inspected resource usage; restarted the affected host/pod and confirmed stability.,Medium,Incident
virtual machine issue,monitoring flagged virtual machine recurring; oom killer failing for the team; virtual machine unresponsive,Infrastructure,Inspected resource usage; restarted the affected host/pod and confirmed stability.,Medium,Incident
pod restart report,ongoing pod restart unstable; node taint stalling in one department; pod restart intermittent,Infrastructure,Inspected resource usage; restarted the affected host/pod and confirmed stability.,Medium,Incident
cgroup alert,users report cgroup recurring; kernel panic delayed during the night shift; cgroup intermittent,Infrastructure,Inspected resource usage; restarted the affected host/pod and confirmed stability.,Medium,Incident
load average request,escalated because load average intermittent; pod restart recurring in a branch office; load average erratic,Infrastructure,Inspected resource usage; restarted the affected host/pod and confirmed stability.,Medium,Incident
cpu utilization case,tracking cpu utilization intermittent; kubernetes node intermittent at multiple sites; cpu utilization stalling,Infrastructure,Inspected resource usage; restarted the affected host/pod and confirmed stability.,Medium,Incident
kernel panic fault,kernel panic failing; oom killer flapping after the upgrade; kernel panic failing,Infrastructure,Inspected resource usage; restarted the affected host/pod and confirmed stability.,Medium,Incident
node taint issue,escalated because node taint flapping; load average delayed for the team; node taint flapping,Infrastructure,Inspected resource usage; restarted the affected host/pod and confirmed stability.,Medium,Incident
pod restart alert,tracking pod restart degraded; node taint delayed at multiple sites; pod restart failing,Infrastructure,Inspected resource usage; restarted the affected host/pod and confirmed stability.,Medium,Incident
oom killer ticket,escalated because oom killer intermittent; virtual machine degraded in a branch office; oom killer failing,Infrastructure,Inspected resource usage; restarted the affected host/pod and confirmed stability.,Medium,Incident
oom killer request,escalated because oom killer recurring; pod restart recurring after the upgrade; oom killer failing,Infrastructure,Inspected resource usage; restarted the affected host/pod and confirmed stability.,Medium,Incident
oom killer alert,users report oom killer stalling; kubernetes node erratic during the night shift; oom killer failing,Infrastructure,Inspected resource usage; restarted the affected host/pod and confirmed stability.,Medium,Incident
node taint fault,ongoing node taint failing; virtual machine unresponsive at multiple sites; node taint flapping,Infrastructure,Inspected resource usage; restarted the affected host/pod and confirmed stability.,Medium,Incident
cgroup fault,noticed that cgroup stalling; memory exhaustion failing across several users; cgroup delayed,Infrastructure,Inspected resource usage; restarted the affected host/pod and confirmed stability.,Medium,Incident
memory exhaustion ticket,noticed that memory exhaustion erratic; kubernetes node recurring in production; memory exhaustion failing,Infrastructure,Inspected resource usage; restarted the affected host/pod and confirmed stability.,Medium,Incident
oom killer fault,monitoring flagged oom killer degraded; cgroup delayed in production; oom killer intermittent,Infrastructure,Inspected resource usage; restarted the affected host/pod and confirmed stability.,Medium,Incident
host reboot issue,we are seeing host reboot erratic; load average recurring in production; host reboot intermittent,Infrastructure,Inspected resource usage; restarted the affected host/pod and confirmed stability.,Medium,Incident
virtual machine fault,users report virtual machine flapping; hypervisor unresponsive in production; virtual machine failing,Infrastructure,Inspected resource usage; restarted the affected host/pod and confirmed stability.,Medium,Incident
virtual machine report,escalated because virtual machine delayed; pod restart delayed in a branch office; virtual machine degraded,Infrastructure,Inspected resource usage; restarted the affected host/pod and confirmed stability.,Medium,Incident
pod restart ticket,users report pod restart degraded; kernel panic intermittent for the team; pod restart erratic,Infrastructure,Inspected resource usage; restarted the affected host/pod and confirmed stability.,Medium,Incident
kubernetes node ticket,ongoing kubernetes node degraded; oom killer degraded for the team; kubernetes node unstable,Infrastructure,Inspected resource usage; restarted the affected host/pod and confirmed stability.,Medium,Incident
node taint report,node taint unstable; oom killer intermittent in a branch office; node taint delayed,Infrastructure,Inspected resource usage; restarted the affected host/pod and confirmed stability.,Medium,Incident
kubernetes node fault,tracking kubernetes node unstable; cgroup erratic after the upgrade; kubernetes node stalling,Infrastructure,Inspected resource usage; restarted the affected host/pod and confirmed stability.,Medium,Incident
node taint issue,node taint unresponsive; cgroup intermittent at multiple sites; node taint degraded,Infrastructure,Inspected resource usage; restarted the affected host/pod and confirmed stability.,Medium,Incident
load average ticket,noticed that load average flapping; cgroup recurring after the upgrade; load average stalling,Infrastructure,Inspected resource usage; restarted the affected host/pod and confirmed stability.,Medium,Incident
kernel panic case,escalated because kernel panic delayed; cgroup delayed in a branch office; kernel panic erratic,Infrastructure,Inspected resource usage; restarted the affected host/pod and confirmed stability.,Medium,Incident
kernel panic request,we are seeing kernel panic unresponsive; oom killer unstable after the upgrade; kernel panic unresponsive,Infrastructure,Inspected resource usage; restarted the affected host/pod and confirmed stability.,Medium,Incident
virtual machine request,ongoing virtual machine failing; hypervisor unstable after the upgrade; virtual machine stalling,Infrastructure,Inspected resource usage; restarted the affected host/pod and confirmed stability.,Medium,Incident
oom killer alert,monitoring flagged oom killer delayed; kernel panic unresponsive in one department; oom killer unstable,Infrastructure,Inspected resource usage; restarted the affected host/pod and confirmed stability.,Medium,Incident
oom killer issue,monitoring flagged oom killer failing; host reboot stalling after the upgrade; oom killer recurring,Infrastructure,Inspected resource usage; restarted the affected host/pod and confirmed stability.,Medium,Incident
hypervisor alert,noticed that hypervisor intermittent; virtual machine delayed in production; hypervisor failing,Infrastructure,Inspected resource usage; restarted the affected host/pod and confirmed stability.,Medium,Incident
oom killer report,ongoing oom killer delayed; virtual machine unstable for the team; oom killer delayed,Infrastructure,Inspected resource usage; restarted the affected host/pod and confirmed stability.,Medium,Incident
cpu utilization report,monitoring flagged cpu utilization unstable; kubernetes node erratic across several users; cpu utilization stalling,Infrastructure,Inspected resource usage; restarted the affected host/pod and confirmed stability.,Medium,Incident
node taint fault,ongoing node taint stalling; load average unresponsive in one department; node taint erratic,Infrastructure,Inspected resource usage; restarted the affected host/pod and confirmed stability.,Medium,Incident
kernel panic ticket,monitoring flagged kernel panic degraded; pod restart erratic for the team; kernel panic failing,Infrastructure,Inspected resource usage; restarted the affected host/pod and confirmed stability.,Medium,Incident
hypervisor report,noticed that hypervisor recurring; cpu utilization intermittent for the team; hypervisor erratic,Infrastructure,Inspected resource usage; restarted the affected host/pod and confirmed stability.,Medium,Incident
virtual machine fault,we are seeing virtual machine intermittent; cpu utilization recurring in a branch office; virtual machine delayed,Infrastructure,Inspected resource usage; restarted the affected host/pod and confirmed stability.,Medium,Incident
host reboot issue,tracking host reboot delayed; cpu utilization erratic at multiple sites; host reboot degraded,Infrastructure,Inspected resource usage; restarted the affected host/pod and confirmed stability.,Medium,Incident
pod restart fault,noticed that pod restart recurring; virtual machine delayed during the night shift; pod restart failing,Infrastructure,Inspected resource usage; restarted the affected host/pod and confirmed stability.,Medium,Incident
oom killer ticket,ongoing oom killer flapping; kubernetes node stalling in production; oom killer failing,Infrastructure,Inspected resource usage; restarted the affected host/pod and confirmed stability.,Medium,Incident
virtual machine report,escalated because virtual machine delayed; hypervisor degraded during the night shift; virtual machine intermittent,Infrastructure,Inspected resource usage; restarted the affected host/pod and confirmed stability.,Medium,Incident
pod restart alert,users report pod restart flapping; hypervisor flapping in one department; pod restart unstable,Infrastructure,Inspected resource usage; restarted the affected host/pod and confirmed stability.,Medium,Incident
host reboot report,tracking host reboot delayed; hypervisor stalling for the team; host reboot degraded,Infrastructure,Inspected resource usage; restarted the affected host/pod and confirmed stability.,Medium,Incident
cpu utilization case,escalated because cpu utilization unresponsive; kubernetes node flapping in one department; cpu utilization unstable,Infrastructure,Inspected resource usage; restarted the affected host/pod and confirmed stability.,Medium,Incident
host reboot request,escalated because host reboot flapping; oom killer unresponsive across several users; host reboot delayed,Infrastructure,Inspected resource usage; restarted the affected host/pod and confirmed stability.,Medium,Incident
hypervisor ticket,we are seeing hypervisor erratic; kernel panic delayed across several users; hypervisor erratic,Infrastructure,Inspected resource usage; restarted the affected host/pod and confirmed stability.,Medium,Incident
cpu utilization ticket,ongoing cpu utilization unresponsive; oom killer erratic during the night shift; cpu utilization degraded,Infrastructure,Inspected resource usage; restarted the affected host/pod and confirmed stability.,Medium,Incident
oom killer case,ongoing oom killer intermittent; pod restart failing after the upgrade; oom killer degraded,Infrastructure,Inspected resource usage; restarted the affected host/pod and confirmed stability.,Medium,Incident
memory exhaustion case,tracking memory exhaustion stalling; kernel panic recurring in a branch office; memory exhaustion erratic,Infrastructure,Inspected resource usage; restarted the affected host/pod and confirmed stability.,Medium,Incident
cgroup report,cgroup degraded; node taint stalling in a branch office; cgroup delayed,Infrastructure,Inspected resource usage; restarted the affected host/pod and confirmed stability.,Medium,Incident
oom killer issue,monitoring flagged oom killer unstable; kernel panic stalling in production; oom killer erratic,Infrastructure,Inspected resource usage; restarted the affected host/pod and confirmed stability.,Medium,Incident
oom killer ticket,oom killer stalling; cpu utilization flapping in a branch office; oom killer stalling,Infrastructure,Inspected resource usage; restarted the affected host/pod and confirmed stability.,Medium,Incident
hypervisor case,monitoring flagged hypervisor degraded; load average delayed for the team; hypervisor intermittent,Infrastructure,Inspected resource usage; restarted the affected host/pod and confirmed stability.,Medium,Incident
kernel panic fault,ongoing kernel panic stalling; oom killer stalling in production; kernel panic unresponsive,Infrastructure,Inspected resource usage; restarted the affected host/pod and confirmed stability.,Medium,Incident
memory exhaustion fault,monitoring flagged memory exhaustion stalling; load average unstable in a branch office; memory exhaustion failing,Infrastructure,Inspected resource usage; restarted the affected host/pod and confirmed stability.,Medium,Incident
virtual machine report,we are seeing virtual machine stalling; pod restart unstable in one department; virtual machine degraded,Infrastructure,Inspected resource usage; restarted the affected host/pod and confirmed stability.,Medium,Incident
load average request,users report load average intermittent; host reboot delayed during the night shift; load average recurring,Infrastructure,Inspected resource usage; restarted the affected host/pod and confirmed stability.,Medium,Incident
pod restart issue,noticed that pod restart unstable; memory exhaustion failing in a branch office; pod restart erratic,Infrastructure,Inspected resource usage; restarted the affected host/pod and confirmed stability.,Medium,Incident
node taint alert,noticed that node taint erratic; virtual machine recurring in one department; node taint delayed,Infrastructure,Inspected resource usage; restarted the affected host/pod and confirmed stability.,Medium,Incident
node taint issue,monitoring flagged node taint degraded; hypervisor intermittent at multiple sites; node taint unstable,Infrastructure,Inspected resource usage; restarted the affected host/pod and confirmed stability.,Medium,Incident
hypervisor alert,users report hypervisor unstable; oom killer degraded for the team; hypervisor flapping,Infrastructure,Inspected resource usage; restarted the affected host/pod and confirmed stability.,Medium,Incident
cpu utilization request,users report cpu utilization flapping; pod restart failing across several users; cpu utilization intermittent,Infrastructure,Inspected resource usage; restarted the affected host/pod and confirmed stability.,Medium,Incident
cgroup fault,ongoing cgroup failing; load average erratic across several users; cgroup degraded,Infrastructure,Inspected resource usage; restarted the affected host/pod and confirmed stability.,Medium,Incident
memory exhaustion case,we are seeing memory exhaustion failing; hypervisor degraded at multiple sites; memory exhaustion degraded,Infrastructure,Inspected resource usage; restarted the affected host/pod and confirmed stability.,Medium,Incident
oom killer ticket,ongoing oom killer failing; cgroup degraded in production; oom killer unstable,Infrastructure,Inspected resource usage; restarted the affected host/pod and confirmed stability.,Medium,Incident
virtual machine request,users report virtual machine delayed; oom killer recurring for the team; virtual machine intermittent,Infrastructure,Inspected resource usage; restarted the affected host/pod and confirmed stability.,Medium,Incident
kernel panic fault,monitoring flagged kernel panic intermittent; cpu utilization intermittent across several users; kernel panic unresponsive,Infrastructure,Inspected resource usage; restarted the affected host/pod and confirmed stability.,Medium,Incident
node taint alert,monitoring flagged node taint delayed; memory exhaustion erratic after the upgrade; node taint stalling,Infrastructure,Inspected resource usage; restarted the affected host/pod and confirmed stability.,Medium,Incident
cgroup alert,we are seeing cgroup stalling; memory exhaustion flapping at multiple sites; cgroup flapping,Infrastructure,Inspected resource usage; restarted the affected host/pod and confirmed stability.,Medium,Incident
kubernetes node request,users report kubernetes node stalling; memory exhaustion degraded in one department; kubernetes node erratic,Infrastructure,Inspected resource usage; restarted the affected host/pod and confirmed stability.,Medium,Incident
pod restart case,users report pod restart unresponsive; virtual machine delayed in production; pod restart failing,Infrastructure,Inspected resource usage; restarted the affected host/pod and confirmed stability.,Medium,Incident
pod restart report,ongoing pod restart unresponsive; memory exhaustion erratic after the upgrade; pod restart recurring,Infrastructure,Inspected resource usage; restarted the affected host/pod and confirmed stability.,Medium,Incident
host reboot report,users report host reboot unresponsive; load average flapping after the upgrade; host reboot intermittent,Infrastructure,Inspected resource usage; restarted the affected host/pod and confirmed stability.,Medium,Incident
cgroup alert,tracking cgroup failing; virtual machine erratic after the upgrade; cgroup degraded,Infrastructure,Inspected resource usage; restarted the affected host/pod and confirmed stability.,Medium,Incident
load average case,tracking load average degraded; cgroup degraded during the night shift; load average unstable,Infrastructure,Inspected resource usage; restarted the affected host/pod and confirmed stability.,Medium,Incident
node taint issue,we are seeing node taint unstable; kernel panic degraded in production; node taint stalling,Infrastructure,Inspected resource usage; restarted the affected host/pod and confirmed stability.,Medium,Incident
host reboot request,tracking host reboot flapping; kernel panic degraded after the upgrade; host reboot intermittent,Infrastructure,Inspected resource usage; restarted the affected host/pod and confirmed stability.,Medium,Incident
hypervisor fault,escalated because hypervisor unresponsive; kernel panic flapping during the night shift; hypervisor stalling,Infrastructure,Inspected resource usage; restarted the affected host/pod and confirmed stability.,Medium,Incident
pod restart ticket,users report pod restart unstable; load average erratic in a branch office; pod restart degraded,Infrastructure,Inspected resource usage; restarted the affected host/pod and confirmed stability.,Medium,Incident
pod restart alert,pod restart unstable; node taint failing for the team; pod restart degraded,Infrastructure,Inspected resource usage; restarted the affected host/pod and confirmed stability.,Medium,Incident
pod restart issue,noticed that pod restart unstable; cgroup flapping in one department; pod restart recurring,Infrastructure,Inspected resource usage; restarted the affected host/pod and confirmed stability.,Medium,Incident
hypervisor fault,escalated because hypervisor degraded; kernel panic degraded after the upgrade; hypervisor delayed,Infrastructure,Inspected resource usage; restarted the affected host/pod and confirmed stability.,Medium,Incident
host reboot case,ongoing host reboot erratic; hypervisor erratic in production; host reboot delayed,Infrastructure,Inspected resource usage; restarted the affected host/pod and confirmed stability.,Medium,Incident
load average issue,tracking load average failing; node taint flapping after the upgrade; load average degraded,Infrastructure,Inspected resource usage; restarted the affected host/pod and confirmed stability.,Medium,Incident
virtual machine report,monitoring flagged virtual machine erratic; kubernetes node failing in a branch office; virtual machine failing,Infrastructure,Inspected resource usage; restarted the affected host/pod and confirmed stability.,Medium,Incident
node taint report,tracking node taint flapping; oom killer unstable after the upgrade; node taint unresponsive,Infrastructure,Inspected resource usage; restarted the affected host/pod and confirmed stability.,Medium,Incident
memory exhaustion case,escalated because memory exhaustion erratic; kernel panic delayed after the upgrade; memory exhaustion delayed,Infrastructure,Inspected resource usage; restarted the affected host/pod and confirmed stability.,Medium,Incident
load average fault,escalated because load average failing; oom killer flapping during the night shift; load average unresponsive,Infrastructure,Inspected resource usage; restarted the affected host/pod and confirmed stability.,Medium,Incident
kernel panic ticket,kernel panic unresponsive; cgroup stalling across several users; kernel panic failing,Infrastructure,Inspected resource usage; restarted the affected host/pod and confirmed stability.,Medium,Incident
oom killer ticket,tracking oom killer recurring; virtual machine failing for the team; oom killer stalling,Infrastructure,Inspected resource usage; restarted the affected host/pod and confirmed stability.,Medium,Incident
kubernetes node ticket,we are seeing kubernetes node flapping; virtual machine stalling at multiple sites; kubernetes node failing,Infrastructure,Inspected resource usage; restarted the affected host/pod and confirmed stability.,Medium,Incident
host reboot ticket,ongoing host reboot recurring; cgroup degraded for the team; host reboot degraded,Infrastructure,Inspected resource usage; restarted the affected host/pod and confirmed stability.,Medium,Incident
virtual machine issue,escalated because virtual machine delayed; oom killer stalling during the night shift; virtual machine failing,Infrastructure,Inspected resource usage; restarted the affected host/pod and confirmed stability.,Medium,Incident
kernel panic report,kernel panic unresponsive; load average failing in production; kernel panic erratic,Infrastructure,Inspected resource usage; restarted the affected host/pod and confirmed stability.,Medium,Incident
active directory report,escalated because active directory stalling; user provisioning recurring for the team; active directory degraded,Access Management,Reset credentials / unlocked the account; corrected role membership and confirmed sign-in.,Medium,Incident
role assignment alert,noticed that role assignment stalling; okta erratic in one department; role assignment delayed,Access Management,Reset credentials / unlocked the account; corrected role membership and confirmed sign-in.,Medium,Incident
user provisioning ticket,users report user provisioning flapping; mfa otp intermittent at multiple sites; user provisioning erratic,Access Management,Reset credentials / unlocked the account; corrected role membership and confirmed sign-in.,Medium,Incident
mfa otp issue,we are seeing mfa otp unresponsive; role assignment recurring for the team; mfa otp flapping,Access Management,Reset credentials / unlocked the account; corrected role membership and confirmed sign-in.,Medium,Incident
role assignment issue,users report role assignment recurring; user provisioning stalling after the upgrade; role assignment unresponsive,Access Management,Reset credentials / unlocked the account; corrected role membership and confirmed sign-in.,Medium,Incident
active directory ticket,ongoing active directory degraded; saml assertion unresponsive during the night shift; active directory delayed,Access Management,Reset credentials / unlocked the account; corrected role membership and confirmed sign-in.,Medium,Incident
okta ticket,ongoing okta intermittent; permission denied flapping after the upgrade; okta flapping,Access Management,Reset credentials / unlocked the account; corrected role membership and confirmed sign-in.,Medium,Incident
okta alert,escalated because okta failing; permission denied delayed at multiple sites; okta unstable,Access Management,Reset credentials / unlocked the account; corrected role membership and confirmed sign-in.,Medium,Incident
okta ticket,okta delayed; group membership recurring at multiple sites; okta flapping,Access Management,Reset credentials / unlocked the account; corrected role membership and confirmed sign-in.,Medium,Incident
ldap sync alert,tracking ldap sync intermittent; group membership unstable during the night shift; ldap sync unresponsive,Access Management,Reset credentials / unlocked the account; corrected role membership and confirmed sign-in.,Medium,Incident
ldap sync case,ongoing ldap sync intermittent; password reset flapping in one department; ldap sync unresponsive,Access Management,Reset credentials / unlocked the account; corrected role membership and confirmed sign-in.,Medium,Incident
mfa otp fault,users report mfa otp intermittent; okta flapping in one department; mfa otp intermittent,Access Management,Reset credentials / unlocked the account; corrected role membership and confirmed sign-in.,Medium,Incident
saml assertion alert,tracking saml assertion unresponsive; account locked erratic during the night shift; saml assertion erratic,Access Management,Reset credentials / unlocked the account; corrected role membership and confirmed sign-in.,Medium,Incident
okta alert,okta unstable; account locked unresponsive in a branch office; okta unstable,Access Management,Reset credentials / unlocked the account; corrected role membership and confirmed sign-in.,Medium,Incident
mfa otp fault,mfa otp unstable; okta failing across several users; mfa otp erratic,Access Management,Reset credentials / unlocked the account; corrected role membership and confirmed sign-in.,Medium,Incident
password reset fault,noticed that password reset unresponsive; ldap sync degraded for the team; password reset flapping,Access Management,Reset credentials / unlocked the account; corrected role membership and confirmed sign-in.,Medium,Incident
active directory alert,users report active directory degraded; single sign recurring in a branch office; active directory delayed,Access Management,Reset credentials / unlocked the account; corrected role membership and confirmed sign-in.,Medium,Incident
group membership alert,noticed that group membership recurring; password reset degraded during the night shift; group membership stalling,Access Management,Reset credentials / unlocked the account; corrected role membership and confirmed sign-in.,Medium,Incident
role assignment report,monitoring flagged role assignment intermittent; saml assertion unstable at multiple sites; role assignment degraded,Access Management,Reset credentials / unlocked the account; corrected role membership and confirmed sign-in.,Medium,Incident
mfa otp report,escalated because mfa otp unresponsive; group membership recurring in production; mfa otp failing,Access Management,Reset credentials / unlocked the account; corrected role membership and confirmed sign-in.,Medium,Incident
role assignment ticket,we are seeing role assignment delayed; password reset flapping in a branch office; role assignment erratic,Access Management,Reset credentials / unlocked the account; corrected role membership and confirmed sign-in.,Medium,Incident
single sign report,single sign stalling; ldap sync unresponsive across several users; single sign failing,Access Management,Reset credentials / unlocked the account; corrected role membership and confirmed sign-in.,Medium,Incident
role assignment alert,ongoing role assignment unresponsive; okta delayed in production; role assignment flapping,Access Management,Reset credentials / unlocked the account; corrected role membership and confirmed sign-in.,Medium,Incident
okta fault,okta intermittent; password reset erratic during the night shift; okta flapping,Access Management,Reset credentials / unlocked the account; corrected role membership and confirmed sign-in.,Medium,Incident
mfa otp issue,monitoring flagged mfa otp intermittent; role assignment unresponsive after the upgrade; mfa otp intermittent,Access Management,Reset credentials / unlocked the account; corrected role membership and confirmed sign-in.,Medium,Incident
okta request,users report okta flapping; ldap sync failing after the upgrade; okta unresponsive,Access Management,Reset credentials / unlocked the account; corrected role membership and confirmed sign-in.,Medium,Incident
group membership request,monitoring flagged group membership stalling; active directory flapping in a branch office; group membership degraded,Access Management,Reset credentials / unlocked the account; corrected role membership and confirmed sign-in.,Medium,Incident
permission denied ticket,noticed that permission denied flapping; password reset recurring after the upgrade; permission denied delayed,Access Management,Reset credentials / unlocked the account; corrected role membership and confirmed sign-in.,Medium,Incident
role assignment request,monitoring flagged role assignment failing; account locked unstable across several users; role assignment erratic,Access Management,Reset credentials / unlocked the account; corrected role membership and confirmed sign-in.,Medium,Incident
active directory case,users report active directory unresponsive; saml assertion stalling for the team; active directory recurring,Access Management,Reset credentials / unlocked the account; corrected role membership and confirmed sign-in.,Medium,Incident
single sign fault,noticed that single sign unstable; saml assertion recurring after the upgrade; single sign flapping,Access Management,Reset credentials / unlocked the account; corrected role membership and confirmed sign-in.,Medium,Incident
group membership ticket,ongoing group membership unstable; single sign recurring at multiple sites; group membership stalling,Access Management,Reset credentials / unlocked the account; corrected role membership and confirmed sign-in.,Medium,Incident
password reset ticket,we are seeing password reset unstable; active directory flapping across several users; password reset flapping,Access Management,Reset credentials / unlocked the account; corrected role membership and confirmed sign-in.,Medium,Incident
account locked case,escalated because account locked recurring; permission denied intermittent at multiple sites; account locked degraded,Access Management,Reset credentials / unlocked the account; corrected role membership and confirmed sign-in.,Medium,Incident
mfa otp issue,ongoing mfa otp flapping; single sign recurring in one department; mfa otp flapping,Access Management,Reset credentials / unlocked the account; corrected role membership and confirmed sign-in.,Medium,Incident
password reset alert,tracking password reset recurring; ldap sync degraded after the upgrade; password reset failing,Access Management,Reset credentials / unlocked the account; corrected role membership and confirmed sign-in.,Medium,Incident
okta issue,ongoing okta intermittent; group membership intermittent in a branch office; okta intermittent,Access Management,Reset credentials / unlocked the account; corrected role membership and confirmed sign-in.,Medium,Incident
role assignment report,we are seeing role assignment unstable; group membership flapping in a branch office; role assignment intermittent,Access Management,Reset credentials / unlocked the account; corrected role membership and confirmed sign-in.,Medium,Incident
role assignment alert,monitoring flagged role assignment flapping; okta unstable across several users; role assignment flapping,Access Management,Reset credentials / unlocked the account; corrected role membership and confirmed sign-in.,Medium,Incident
mfa otp alert,noticed that mfa otp recurring; role assignment erratic after the upgrade; mfa otp intermittent,Access Management,Reset credentials / unlocked the account; corrected role membership and confirmed sign-in.,Medium,Incident
password reset report,we are seeing password reset unstable; account locked stalling during the night shift; password reset flapping,Access Management,Reset credentials / unlocked the account; corrected role membership and confirmed sign-in.,Medium,Incident
role assignment case,users report role assignment recurring; active directory unresponsive across several users; role assignment degraded,Access Management,Reset credentials / unlocked the account; corrected role membership and confirmed sign-in.,Medium,Incident
account locked alert,account locked erratic; ldap sync stalling across several users; account locked recurring,Access Management,Reset credentials / unlocked the account; corrected role membership and confirmed sign-in.,Medium,Incident
mfa otp fault,noticed that mfa otp flapping; permission denied unresponsive in one department; mfa otp flapping,Access Management,Reset credentials / unlocked the account; corrected role membership and confirmed sign-in.,Medium,Incident
permission denied fault,escalated because permission denied unstable; account locked unresponsive in production; permission denied unstable,Access Management,Reset credentials / unlocked the account; corrected role membership and confirmed sign-in.,Medium,Incident
group membership issue,monitoring flagged group membership stalling; single sign delayed in a branch office; group membership flapping,Access Management,Reset credentials / unlocked the account; corrected role membership and confirmed sign-in.,Medium,Incident
password reset issue,noticed that password reset unstable; ldap sync erratic during the night shift; password reset unresponsive,Access Management,Reset credentials / unlocked the account; corrected role membership and confirmed sign-in.,Medium,Incident
mfa otp fault,tracking mfa otp unresponsive; role assignment delayed in one department; mfa otp stalling,Access Management,Reset credentials / unlocked the account; corrected role membership and confirmed sign-in.,Medium,Incident
ldap sync request,ldap sync unstable; group membership delayed at multiple sites; ldap sync erratic,Access Management,Reset credentials / unlocked the account; corrected role membership and confirmed sign-in.,Medium,Incident
single sign alert,ongoing single sign unstable; account locked failing in one department; single sign erratic,Access Management,Reset credentials / unlocked the account; corrected role membership and confirmed sign-in.,Medium,Incident
role assignment report,escalated because role assignment degraded; group membership erratic in production; role assignment failing,Access Management,Reset credentials / unlocked the account; corrected role membership and confirmed sign-in.,Medium,Incident
role assignment report,monitoring flagged role assignment erratic; permission denied erratic for the team; role assignment degraded,Access Management,Reset credentials / unlocked the account; corrected role membership and confirmed sign-in.,Medium,Incident
ldap sync alert,ongoing ldap sync unresponsive; password reset unstable at multiple sites; ldap sync unstable,Access Management,Reset credentials / unlocked the account; corrected role membership and confirmed sign-in.,Medium,Incident
user provisioning fault,users report user provisioning recurring; account locked unstable at multiple sites; user provisioning flapping,Access Management,Reset credentials / unlocked the account; corrected role membership and confirmed sign-in.,Medium,Incident
group membership issue,users report group membership stalling; okta failing during the night shift; group membership unresponsive,Access Management,Reset credentials / unlocked the account; corrected role membership and confirmed sign-in.,Medium,Incident
ldap sync issue,users report ldap sync stalling; user provisioning unstable after the upgrade; ldap sync failing,Access Management,Reset credentials / unlocked the account; corrected role membership and confirmed sign-in.,Medium,Incident
role assignment report,role assignment erratic; okta unresponsive in production; role assignment recurring,Access Management,Reset credentials / unlocked the account; corrected role membership and confirmed sign-in.,Medium,Incident
account locked fault,monitoring flagged account locked erratic; okta stalling at multiple sites; account locked recurring,Access Management,Reset credentials / unlocked the account; corrected role membership and confirmed sign-in.,Medium,Incident
account locked ticket,tracking account locked stalling; okta failing for the team; account locked degraded,Access Management,Reset credentials / unlocked the account; corrected role membership and confirmed sign-in.,Medium,Incident
active directory alert,active directory intermittent; mfa otp flapping at multiple sites; active directory degraded,Access Management,Reset credentials / unlocked the account; corrected role membership and confirmed sign-in.,Medium,Incident
single sign request,users report single sign flapping; active directory unresponsive in a branch office; single sign unstable,Access Management,Reset credentials / unlocked the account; corrected role membership and confirmed sign-in.,Medium,Incident
group membership case,noticed that group membership unresponsive; active directory recurring for the team; group membership unstable,Access Management,Reset credentials / unlocked the account; corrected role membership and confirmed sign-in.,Medium,Incident
ldap sync alert,escalated because ldap sync erratic; permission denied erratic in a branch office; ldap sync flapping,Access Management,Reset credentials / unlocked the account; corrected role membership and confirmed sign-in.,Medium,Incident
user provisioning report,monitoring flagged user provisioning degraded; role assignment flapping during the night shift; user provisioning stalling,Access Management,Reset credentials / unlocked the account; corrected role membership and confirmed sign-in.,Medium,Incident
okta issue,escalated because okta failing; active directory delayed at multiple sites; okta stalling,Access Management,Reset credentials / unlocked the account; corrected role membership and confirmed sign-in.,Medium,Incident
okta case,users report okta unstable; role assignment erratic in a branch office; okta delayed,Access Management,Reset credentials / unlocked the account; corrected role membership and confirmed sign-in.,Medium,Incident
group membership issue,monitoring flagged group membership erratic; active directory unresponsive in a branch office; group membership unstable,Access Management,Reset credentials / unlocked the account; corrected role membership and confirmed sign-in.,Medium,Incident
saml assertion report,users report saml assertion unresponsive; permission denied recurring across several users; saml assertion failing,Access Management,Reset credentials / unlocked the account; corrected role membership and confirmed sign-in.,Medium,Incident
permission denied fault,escalated because permission denied flapping; password reset flapping in a branch office; permission denied degraded,Access Management,Reset credentials / unlocked the account; corrected role membership and confirmed sign-in.,Medium,Incident
ldap sync fault,users report ldap sync degraded; mfa otp delayed after the upgrade; ldap sync failing,Access Management,Reset credentials / unlocked the account; corrected role membership and confirmed sign-in.,Medium,Incident
single sign request,tracking single sign flapping; role assignment failing in a branch office; single sign degraded,Access Management,Reset credentials / unlocked the account; corrected role membership and confirmed sign-in.,Medium,Incident
ldap sync case,ongoing ldap sync erratic; user provisioning erratic in production; ldap sync recurring,Access Management,Reset credentials / unlocked the account; corrected role membership and confirmed sign-in.,Medium,Incident
single sign alert,users report single sign degraded; saml assertion recurring during the night shift; single sign unresponsive,Access Management,Reset credentials / unlocked the account; corrected role membership and confirmed sign-in.,Medium,Incident
permission denied issue,monitoring flagged permission denied flapping; account locked degraded after the upgrade; permission denied failing,Access Management,Reset credentials / unlocked the account; corrected role membership and confirmed sign-in.,Medium,Incident
group membership request,noticed that group membership recurring; active directory erratic during the night shift; group membership unresponsive,Access Management,Reset credentials / unlocked the account; corrected role membership and confirmed sign-in.,Medium,Incident
mfa otp alert,users report mfa otp unstable; password reset failing across several users; mfa otp intermittent,Access Management,Reset credentials / unlocked the account; corrected role membership and confirmed sign-in.,Medium,Incident
role assignment request,monitoring flagged role assignment failing; saml assertion intermittent at multiple sites; role assignment erratic,Access Management,Reset credentials / unlocked the account; corrected role membership and confirmed sign-in.,Medium,Incident
active directory request,ongoing active directory delayed; okta intermittent after the upgrade; active directory degraded,Access Management,Reset credentials / unlocked the account; corrected role membership and confirmed sign-in.,Medium,Incident
single sign report,monitoring flagged single sign failing; group membership degraded after the upgrade; single sign unstable,Access Management,Reset credentials / unlocked the account; corrected role membership and confirmed sign-in.,Medium,Incident
group membership issue,we are seeing group membership erratic; role assignment recurring in a branch office; group membership intermittent,Access Management,Reset credentials / unlocked the account; corrected role membership and confirmed sign-in.,Medium,Incident
user provisioning issue,tracking user provisioning stalling; active directory failing during the night shift; user provisioning degraded,Access Management,Reset credentials / unlocked the account; corrected role membership and confirmed sign-in.,Medium,Incident
group membership fault,escalated because group membership delayed; user provisioning unresponsive during the night shift; group membership failing,Access Management,Reset credentials / unlocked the account; corrected role membership and confirmed sign-in.,Medium,Incident
group membership fault,group membership recurring; permission denied erratic across several users; group membership intermittent,Access Management,Reset credentials / unlocked the account; corrected role membership and confirmed sign-in.,Medium,Incident
active directory ticket,tracking active directory delayed; user provisioning degraded after the upgrade; active directory unresponsive,Access Management,Reset credentials / unlocked the account; corrected role membership and confirmed sign-in.,Medium,Incident
password reset fault,password reset stalling; group membership erratic in one department; password reset flapping,Access Management,Reset credentials / unlocked the account; corrected role membership and confirmed sign-in.,Medium,Incident
mfa otp report,we are seeing mfa otp stalling; saml assertion erratic in production; mfa otp intermittent,Access Management,Reset credentials / unlocked the account; corrected role membership and confirmed sign-in.,Medium,Incident
user provisioning report,tracking user provisioning unstable; okta unresponsive in production; user provisioning flapping,Access Management,Reset credentials / unlocked the account; corrected role membership and confirmed sign-in.,Medium,Incident
group membership fault,escalated because group membership intermittent; single sign unresponsive in one department; group membership degraded,Access Management,Reset credentials / unlocked the account; corrected role membership and confirmed sign-in.,Medium,Incident
single sign alert,tracking single sign recurring; saml assertion erratic after the upgrade; single sign degraded,Access Management,Reset credentials / unlocked the account; corrected role membership and confirmed sign-in.,Medium,Incident
mfa otp alert,noticed that mfa otp delayed; saml assertion failing in a branch office; mfa otp failing,Access Management,Reset credentials / unlocked the account; corrected role membership and confirmed sign-in.,Medium,Incident
ldap sync alert,users report ldap sync unstable; okta delayed in production; ldap sync failing,Access Management,Reset credentials / unlocked the account; corrected role membership and confirmed sign-in.,Medium,Incident
active directory fault,we are seeing active directory intermittent; password reset degraded after the upgrade; active directory delayed,Access Management,Reset credentials / unlocked the account; corrected role membership and confirmed sign-in.,Medium,Incident
mfa otp request,ongoing mfa otp stalling; ldap sync failing in one department; mfa otp delayed,Access Management,Reset credentials / unlocked the account; corrected role membership and confirmed sign-in.,Medium,Incident
role assignment fault,escalated because role assignment degraded; permission denied failing for the team; role assignment erratic,Access Management,Reset credentials / unlocked the account; corrected role membership and confirmed sign-in.,Medium,Incident
password reset fault,users report password reset degraded; user provisioning delayed in one department; password reset failing,Access Management,Reset credentials / unlocked the account; corrected role membership and confirmed sign-in.,Medium,Incident
okta request,ongoing okta intermittent; password reset stalling after the upgrade; okta unstable,Access Management,Reset credentials / unlocked the account; corrected role membership and confirmed sign-in.,Medium,Incident
permission denied case,noticed that permission denied degraded; group membership unstable in one department; permission denied stalling,Access Management,Reset credentials / unlocked the account; corrected role membership and confirmed sign-in.,Medium,Incident
password reset report,escalated because password reset flapping; saml assertion failing in production; password reset intermittent,Access Management,Reset credentials / unlocked the account; corrected role membership and confirmed sign-in.,Medium,Incident
mfa otp alert,tracking mfa otp degraded; permission denied unresponsive in production; mfa otp stalling,Access Management,Reset credentials / unlocked the account; corrected role membership and confirmed sign-in.,Medium,Incident
okta alert,we are seeing okta unstable; role assignment delayed in one department; okta flapping,Access Management,Reset credentials / unlocked the account; corrected role membership and confirmed sign-in.,Medium,Incident
active directory report,active directory erratic; role assignment delayed after the upgrade; active directory stalling,Access Management,Reset credentials / unlocked the account; corrected role membership and confirmed sign-in.,Medium,Incident
single sign case,noticed that single sign delayed; account locked degraded in production; single sign degraded,Access Management,Reset credentials / unlocked the account; corrected role membership and confirmed sign-in.,Medium,Incident
active directory report,monitoring flagged active directory failing; single sign flapping across several users; active directory failing,Access Management,Reset credentials / unlocked the account; corrected role membership and confirmed sign-in.,Medium,Incident
okta fault,ongoing okta unresponsive; role assignment flapping in production; okta flapping,Access Management,Reset credentials / unlocked the account; corrected role membership and confirmed sign-in.,Medium,Incident
ldap sync request,monitoring flagged ldap sync unresponsive; account locked delayed during the night shift; ldap sync recurring,Access Management,Reset credentials / unlocked the account; corrected role membership and confirmed sign-in.,Medium,Incident
group membership alert,escalated because group membership delayed; okta recurring in production; group membership recurring,Access Management,Reset credentials / unlocked the account; corrected role membership and confirmed sign-in.,Medium,Incident
okta request,okta intermittent; active directory unresponsive in production; okta degraded,Access Management,Reset credentials / unlocked the account; corrected role membership and confirmed sign-in.,Medium,Incident
active directory fault,users report active directory delayed; single sign unresponsive in a branch office; active directory intermittent,Access Management,Reset credentials / unlocked the account; corrected role membership and confirmed sign-in.,Medium,Incident
permission denied request,ongoing permission denied unstable; ldap sync failing at multiple sites; permission denied failing,Access Management,Reset credentials / unlocked the account; corrected role membership and confirmed sign-in.,Medium,Incident
mfa otp fault,ongoing mfa otp degraded; active directory failing in production; mfa otp stalling,Access Management,Reset credentials / unlocked the account; corrected role membership and confirmed sign-in.,Medium,Incident
password reset request,password reset degraded; account locked erratic after the upgrade; password reset unresponsive,Access Management,Reset credentials / unlocked the account; corrected role membership and confirmed sign-in.,Medium,Incident
ldap sync request,we are seeing ldap sync recurring; saml assertion recurring in production; ldap sync delayed,Access Management,Reset credentials / unlocked the account; corrected role membership and confirmed sign-in.,Medium,Incident
mfa otp case,we are seeing mfa otp recurring; role assignment unstable for the team; mfa otp flapping,Access Management,Reset credentials / unlocked the account; corrected role membership and confirmed sign-in.,Medium,Incident
ldap sync fault,users report ldap sync intermittent; permission denied stalling in one department; ldap sync erratic,Access Management,Reset credentials / unlocked the account; corrected role membership and confirmed sign-in.,Medium,Incident
role assignment request,role assignment flapping; active directory degraded during the night shift; role assignment degraded,Access Management,Reset credentials / unlocked the account; corrected role membership and confirmed sign-in.,Medium,Incident
single sign alert,tracking single sign erratic; group membership degraded during the night shift; single sign stalling,Access Management,Reset credentials / unlocked the account; corrected role membership and confirmed sign-in.,Medium,Incident
mfa otp report,tracking mfa otp flapping; user provisioning erratic in one department; mfa otp erratic,Access Management,Reset credentials / unlocked the account; corrected role membership and confirmed sign-in.,Medium,Incident
single sign alert,users report single sign erratic; permission denied erratic at multiple sites; single sign unstable,Access Management,Reset credentials / unlocked the account; corrected role membership and confirmed sign-in.,Medium,Incident
group membership issue,users report group membership unstable; role assignment delayed during the night shift; group membership stalling,Access Management,Reset credentials / unlocked the account; corrected role membership and confirmed sign-in.,Medium,Incident
password reset ticket,monitoring flagged password reset recurring; role assignment unresponsive for the team; password reset failing,Access Management,Reset credentials / unlocked the account; corrected role membership and confirmed sign-in.,Medium,Incident
ldap sync ticket,ldap sync unresponsive; mfa otp unresponsive in one department; ldap sync erratic,Access Management,Reset credentials / unlocked the account; corrected role membership and confirmed sign-in.,Medium,Incident
single sign report,we are seeing single sign failing; user provisioning unresponsive in one department; single sign unresponsive,Access Management,Reset credentials / unlocked the account; corrected role membership and confirmed sign-in.,Medium,Incident
role assignment issue,users report role assignment degraded; group membership delayed across several users; role assignment stalling,Access Management,Reset credentials / unlocked the account; corrected role membership and confirmed sign-in.,Medium,Incident
active directory fault,noticed that active directory unresponsive; group membership recurring during the night shift; active directory erratic,Access Management,Reset credentials / unlocked the account; corrected role membership and confirmed sign-in.,Medium,Incident
group membership alert,escalated because group membership unstable; user provisioning delayed after the upgrade; group membership erratic,Access Management,Reset credentials / unlocked the account; corrected role membership and confirmed sign-in.,Medium,Incident
single sign issue,tracking single sign recurring; ldap sync recurring at multiple sites; single sign flapping,Access Management,Reset credentials / unlocked the account; corrected role membership and confirmed sign-in.,Medium,Incident
active directory fault,users report active directory failing; ldap sync erratic in one department; active directory unresponsive,Access Management,Reset credentials / unlocked the account; corrected role membership and confirmed sign-in.,Medium,Incident
role assignment fault,users report role assignment unresponsive; account locked delayed at multiple sites; role assignment degraded,Access Management,Reset credentials / unlocked the account; corrected role membership and confirmed sign-in.,Medium,Incident
user provisioning fault,we are seeing user provisioning failing; permission denied recurring after the upgrade; user provisioning delayed,Access Management,Reset credentials / unlocked the account; corrected role membership and confirmed sign-in.,Medium,Incident
permission denied issue,ongoing permission denied delayed; account locked unstable at multiple sites; permission denied failing,Access Management,Reset credentials / unlocked the account; corrected role membership and confirmed sign-in.,Medium,Incident
saml assertion report,noticed that saml assertion degraded; user provisioning delayed during the night shift; saml assertion recurring,Access Management,Reset credentials / unlocked the account; corrected role membership and confirmed sign-in.,Medium,Incident
user provisioning report,monitoring flagged user provisioning failing; account locked stalling during the night shift; user provisioning flapping,Access Management,Reset credentials / unlocked the account; corrected role membership and confirmed sign-in.,Medium,Incident
account locked ticket,users report account locked flapping; permission denied unresponsive for the team; account locked degraded,Access Management,Reset credentials / unlocked the account; corrected role membership and confirmed sign-in.,Medium,Incident
permission denied ticket,users report permission denied unstable; single sign unstable in one department; permission denied unresponsive,Access Management,Reset credentials / unlocked the account; corrected role membership and confirmed sign-in.,Medium,Incident
mfa otp case,noticed that mfa otp unstable; active directory failing in one department; mfa otp recurring,Access Management,Reset credentials / unlocked the account; corrected role membership and confirmed sign-in.,Medium,Incident
account locked ticket,monitoring flagged account locked flapping; role assignment degraded during the night shift; account locked stalling,Access Management,Reset credentials / unlocked the account; corrected role membership and confirmed sign-in.,Medium,Incident
ldap sync report,we are seeing ldap sync degraded; mfa otp failing at multiple sites; ldap sync intermittent,Access Management,Reset credentials / unlocked the account; corrected role membership and confirmed sign-in.,Medium,Incident
group membership request,ongoing group membership delayed; permission denied flapping across several users; group membership degraded,Access Management,Reset credentials / unlocked the account; corrected role membership and confirmed sign-in.,Medium,Incident
ldap sync fault,ldap sync flapping; group membership degraded during the night shift; ldap sync erratic,Access Management,Reset credentials / unlocked the account; corrected role membership and confirmed sign-in.,Medium,Incident
okta issue,users report okta unresponsive; saml assertion delayed at multiple sites; okta recurring,Access Management,Reset credentials / unlocked the account; corrected role membership and confirmed sign-in.,Medium,Incident
permission denied request,tracking permission denied unstable; okta unresponsive after the upgrade; permission denied recurring,Access Management,Reset credentials / unlocked the account; corrected role membership and confirmed sign-in.,Medium,Incident
password reset fault,monitoring flagged password reset intermittent; okta unstable at multiple sites; password reset stalling,Access Management,Reset credentials / unlocked the account; corrected role membership and confirmed sign-in.,Medium,Incident
permission denied fault,escalated because permission denied erratic; active directory failing in a branch office; permission denied failing,Access Management,Reset credentials / unlocked the account; corrected role membership and confirmed sign-in.,Medium,Incident
okta issue,ongoing okta failing; single sign erratic during the night shift; okta unresponsive,Access Management,Reset credentials / unlocked the account; corrected role membership and confirmed sign-in.,Medium,Incident
ldap sync alert,ldap sync recurring; okta delayed in one department; ldap sync unresponsive,Access Management,Reset credentials / unlocked the account; corrected role membership and confirmed sign-in.,Medium,Incident
role assignment fault,tracking role assignment degraded; permission denied unresponsive for the team; role assignment degraded,Access Management,Reset credentials / unlocked the account; corrected role membership and confirmed sign-in.,Medium,Incident
single sign ticket,noticed that single sign flapping; permission denied intermittent in production; single sign recurring,Access Management,Reset credentials / unlocked the account; corrected role membership and confirmed sign-in.,Medium,Incident
okta request,noticed that okta erratic; mfa otp unresponsive in production; okta intermittent,Access Management,Reset credentials / unlocked the account; corrected role membership and confirmed sign-in.,Medium,Incident
saml assertion fault,saml assertion stalling; group membership failing after the upgrade; saml assertion unstable,Access Management,Reset credentials / unlocked the account; corrected role membership and confirmed sign-in.,Medium,Incident
account locked case,escalated because account locked unstable; role assignment flapping during the night shift; account locked delayed,Access Management,Reset credentials / unlocked the account; corrected role membership and confirmed sign-in.,Medium,Incident
permission denied request,escalated because permission denied degraded; password reset delayed for the team; permission denied failing,Access Management,Reset credentials / unlocked the account; corrected role membership and confirmed sign-in.,Medium,Incident
ldap sync request,monitoring flagged ldap sync recurring; active directory stalling across several users; ldap sync flapping,Access Management,Reset credentials / unlocked the account; corrected role membership and confirmed sign-in.,Medium,Incident
password reset ticket,we are seeing password reset intermittent; group membership erratic across several users; password reset failing,Access Management,Reset credentials / unlocked the account; corrected role membership and confirmed sign-in.,Medium,Incident
mfa otp case,ongoing mfa otp stalling; okta intermittent at multiple sites; mfa otp degraded,Access Management,Reset credentials / unlocked the account; corrected role membership and confirmed sign-in.,Medium,Incident
saml assertion ticket,we are seeing saml assertion failing; group membership unresponsive across several users; saml assertion erratic,Access Management,Reset credentials / unlocked the account; corrected role membership and confirmed sign-in.,Medium,Incident
saml assertion report,escalated because saml assertion degraded; okta unresponsive in one department; saml assertion recurring,Access Management,Reset credentials / unlocked the account; corrected role membership and confirmed sign-in.,Medium,Incident
permission denied case,monitoring flagged permission denied recurring; saml assertion recurring for the team; permission denied recurring,Access Management,Reset credentials / unlocked the account; corrected role membership and confirmed sign-in.,Medium,Incident
user provisioning case,we are seeing user provisioning degraded; single sign unstable in a branch office; user provisioning unresponsive,Access Management,Reset credentials / unlocked the account; corrected role membership and confirmed sign-in.,Medium,Incident
saml assertion issue,escalated because saml assertion delayed; okta recurring across several users; saml assertion unresponsive,Access Management,Reset credentials / unlocked the account; corrected role membership and confirmed sign-in.,Medium,Incident
active directory case,tracking active directory failing; okta stalling in a branch office; active directory flapping,Access Management,Reset credentials / unlocked the account; corrected role membership and confirmed sign-in.,Medium,Incident
password reset fault,password reset erratic; okta erratic at multiple sites; password reset stalling,Access Management,Reset credentials / unlocked the account; corrected role membership and confirmed sign-in.,Medium,Incident
account locked report,account locked delayed; mfa otp erratic during the night shift; account locked stalling,Access Management,Reset credentials / unlocked the account; corrected role membership and confirmed sign-in.,Medium,Incident
saml assertion issue,tracking saml assertion recurring; ldap sync failing for the team; saml assertion intermittent,Access Management,Reset credentials / unlocked the account; corrected role membership and confirmed sign-in.,Medium,Incident
saml assertion alert,users report saml assertion stalling; role assignment unresponsive across several users; saml assertion degraded,Access Management,Reset credentials / unlocked the account; corrected role membership and confirmed sign-in.,Medium,Incident
group membership request,ongoing group membership failing; active directory recurring at multiple sites; group membership stalling,Access Management,Reset credentials / unlocked the account; corrected role membership and confirmed sign-in.,Medium,Incident
password reset alert,we are seeing password reset stalling; group membership failing for the team; password reset stalling,Access Management,Reset credentials / unlocked the account; corrected role membership and confirmed sign-in.,Medium,Incident
user provisioning report,users report user provisioning degraded; role assignment erratic for the team; user provisioning recurring,Access Management,Reset credentials / unlocked the account; corrected role membership and confirmed sign-in.,Medium,Incident
account locked report,account locked stalling; role assignment degraded after the upgrade; account locked unstable,Access Management,Reset credentials / unlocked the account; corrected role membership and confirmed sign-in.,Medium,Incident
account locked fault,account locked flapping; mfa otp degraded across several users; account locked degraded,Access Management,Reset credentials / unlocked the account; corrected role membership and confirmed sign-in.,Medium,Incident
mfa otp report,we are seeing mfa otp degraded; active directory recurring across several users; mfa otp flapping,Access Management,Reset credentials / unlocked the account; corrected role membership and confirmed sign-in.,Medium,Incident
group membership report,users report group membership flapping; active directory recurring in production; group membership recurring,Access Management,Reset credentials / unlocked the account; corrected role membership and confirmed sign-in.,Medium,Incident
okta request,noticed that okta failing; role assignment erratic at multiple sites; okta delayed,Access Management,Reset credentials / unlocked the account; corrected role membership and confirmed sign-in.,Medium,Incident
password reset issue,we are seeing password reset recurring; role assignment degraded in one department; password reset recurring,Access Management,Reset credentials / unlocked the account; corrected role membership and confirmed sign-in.,Medium,Incident
okta ticket,escalated because okta stalling; permission denied flapping in one department; okta erratic,Access Management,Reset credentials / unlocked the account; corrected role membership and confirmed sign-in.,Medium,Incident
saml assertion request,ongoing saml assertion failing; single sign failing during the night shift; saml assertion unstable,Access Management,Reset credentials / unlocked the account; corrected role membership and confirmed sign-in.,Medium,Incident
permission denied request,monitoring flagged permission denied stalling; okta unresponsive in one department; permission denied recurring,Access Management,Reset credentials / unlocked the account; corrected role membership and confirmed sign-in.,Medium,Incident
group membership fault,group membership stalling; mfa otp unresponsive in one department; group membership stalling,Access Management,Reset credentials / unlocked the account; corrected role membership and confirmed sign-in.,Medium,Incident
account locked fault,noticed that account locked delayed; saml assertion failing at multiple sites; account locked flapping,Access Management,Reset credentials / unlocked the account; corrected role membership and confirmed sign-in.,Medium,Incident
saml assertion alert,escalated because saml assertion degraded; okta stalling after the upgrade; saml assertion intermittent,Access Management,Reset credentials / unlocked the account; corrected role membership and confirmed sign-in.,Medium,Incident
user provisioning request,ongoing user provisioning recurring; ldap sync recurring during the night shift; user provisioning stalling,Access Management,Reset credentials / unlocked the account; corrected role membership and confirmed sign-in.,Medium,Incident
ldap sync issue,we are seeing ldap sync erratic; single sign failing across several users; ldap sync erratic,Access Management,Reset credentials / unlocked the account; corrected role membership and confirmed sign-in.,Medium,Incident
okta case,we are seeing okta intermittent; saml assertion erratic at multiple sites; okta recurring,Access Management,Reset credentials / unlocked the account; corrected role membership and confirmed sign-in.,Medium,Incident
group membership request,monitoring flagged group membership flapping; ldap sync intermittent across several users; group membership flapping,Access Management,Reset credentials / unlocked the account; corrected role membership and confirmed sign-in.,Medium,Incident
ldap sync issue,users report ldap sync stalling; account locked failing in one department; ldap sync delayed,Access Management,Reset credentials / unlocked the account; corrected role membership and confirmed sign-in.,Medium,Incident
mfa otp alert,mfa otp recurring; group membership stalling at multiple sites; mfa otp failing,Access Management,Reset credentials / unlocked the account; corrected role membership and confirmed sign-in.,Medium,Incident
saml assertion alert,noticed that saml assertion intermittent; mfa otp unresponsive at multiple sites; saml assertion unstable,Access Management,Reset credentials / unlocked the account; corrected role membership and confirmed sign-in.,Medium,Incident
single sign issue,single sign unstable; saml assertion unresponsive in one department; single sign degraded,Access Management,Reset credentials / unlocked the account; corrected role membership and confirmed sign-in.,Medium,Incident
active directory request,ongoing active directory degraded; okta stalling after the upgrade; active directory intermittent,Access Management,Reset credentials / unlocked the account; corrected role membership and confirmed sign-in.,Medium,Incident
saml assertion request,tracking saml assertion stalling; ldap sync unstable for the team; saml assertion delayed,Access Management,Reset credentials / unlocked the account; corrected role membership and confirmed sign-in.,Medium,Incident
password reset alert,tracking password reset intermittent; single sign intermittent in production; password reset delayed,Access Management,Reset credentials / unlocked the account; corrected role membership and confirmed sign-in.,Medium,Incident
ldap sync report,we are seeing ldap sync intermittent; user provisioning failing in a branch office; ldap sync recurring,Access Management,Reset credentials / unlocked the account; corrected role membership and confirmed sign-in.,Medium,Incident
single sign alert,escalated because single sign failing; ldap sync unresponsive at multiple sites; single sign unstable,Access Management,Reset credentials / unlocked the account; corrected role membership and confirmed sign-in.,Medium,Incident
role assignment request,monitoring flagged role assignment erratic; password reset recurring during the night shift; role assignment degraded,Access Management,Reset credentials / unlocked the account; corrected role membership and confirmed sign-in.,Medium,Incident
okta ticket,monitoring flagged okta erratic; permission denied delayed in production; okta erratic,Access Management,Reset credentials / unlocked the account; corrected role membership and confirmed sign-in.,Medium,Incident
role assignment fault,ongoing role assignment erratic; ldap sync erratic during the night shift; role assignment erratic,Access Management,Reset credentials / unlocked the account; corrected role membership and confirmed sign-in.,Medium,Incident
okta case,we are seeing okta failing; user provisioning intermittent after the upgrade; okta intermittent,Access Management,Reset credentials / unlocked the account; corrected role membership and confirmed sign-in.,Medium,Incident
saml assertion alert,monitoring flagged saml assertion unresponsive; active directory flapping in production; saml assertion flapping,Access Management,Reset credentials / unlocked the account; corrected role membership and confirmed sign-in.,Medium,Incident
mfa otp issue,escalated because mfa otp unstable; permission denied degraded in production; mfa otp unresponsive,Access Management,Reset credentials / unlocked the account; corrected role membership and confirmed sign-in.,Medium,Incident
saml assertion issue,noticed that saml assertion erratic; user provisioning delayed during the night shift; saml assertion recurring,Access Management,Reset credentials / unlocked the account; corrected role membership and confirmed sign-in.,Medium,Incident
group membership report,noticed that group membership flapping; role assignment stalling in a branch office; group membership erratic,Access Management,Reset credentials / unlocked the account; corrected role membership and confirmed sign-in.,Medium,Incident
suspicious login alert,users report suspicious login erratic; phishing intermittent in production; suspicious login unresponsive,Security,Contained the threat; removed the malicious artifact and applied the relevant patch.,Medium,Incident
malware request,users report malware delayed; vulnerability delayed in a branch office; malware delayed,Security,Contained the threat; removed the malicious artifact and applied the relevant patch.,Medium,Incident
brute force issue,we are seeing brute force degraded; malware stalling in production; brute force failing,Security,Contained the threat; removed the malicious artifact and applied the relevant patch.,Medium,Incident
brute force ticket,we are seeing brute force unresponsive; threat actor unresponsive in one department; brute force unresponsive,Security,Contained the threat; removed the malicious artifact and applied the relevant patch.,Medium,Incident
exploit attempt ticket,noticed that exploit attempt failing; intrusion unresponsive during the night shift; exploit attempt unresponsive,Security,Contained the threat; removed the malicious artifact and applied the relevant patch.,Medium,Incident
suspicious login request,monitoring flagged suspicious login failing; credential theft erratic during the night shift; suspicious login delayed,Security,Contained the threat; removed the malicious artifact and applied the relevant patch.,Medium,Incident
brute force case,escalated because brute force intermittent; exploit attempt erratic after the upgrade; brute force intermittent,Security,Contained the threat; removed the malicious artifact and applied the relevant patch.,Medium,Incident
cve ticket,we are seeing cve intermittent; malware flapping after the upgrade; cve flapping,Security,Contained the threat; removed the malicious artifact and applied the relevant patch.,Medium,Incident
unauthorized access issue,monitoring flagged unauthorized access stalling; intrusion unstable in a branch office; unauthorized access recurring,Security,Contained the threat; removed the malicious artifact and applied the relevant patch.,Medium,Incident
exploit attempt report,tracking exploit attempt stalling; phishing stalling during the night shift; exploit attempt intermittent,Security,Contained the threat; removed the malicious artifact and applied the relevant patch.,Medium,Incident
threat actor request,threat actor delayed; suspicious login unresponsive across several users; threat actor stalling,Security,Contained the threat; removed the malicious artifact and applied the relevant patch.,Medium,Incident
ransomware ticket,tracking ransomware recurring; exploit attempt recurring during the night shift; ransomware recurring,Security,Contained the threat; removed the malicious artifact and applied the relevant patch.,Medium,Incident
brute force issue,escalated because brute force delayed; suspicious login flapping for the team; brute force intermittent,Security,Contained the threat; removed the malicious artifact and applied the relevant patch.,Medium,Incident
cve report,users report cve unresponsive; credential theft degraded in one department; cve unstable,Security,Contained the threat; removed the malicious artifact and applied the relevant patch.,Medium,Incident
phishing report,users report phishing failing; credential theft unstable during the night shift; phishing intermittent,Security,Contained the threat; removed the malicious artifact and applied the relevant patch.,Medium,Incident
vulnerability alert,escalated because vulnerability unresponsive; brute force delayed across several users; vulnerability degraded,Security,Contained the threat; removed the malicious artifact and applied the relevant patch.,Medium,Incident
cve issue,tracking cve unstable; intrusion stalling in one department; cve flapping,Security,Contained the threat; removed the malicious artifact and applied the relevant patch.,Medium,Incident
malware fault,tracking malware flapping; ransomware erratic at multiple sites; malware degraded,Security,Contained the threat; removed the malicious artifact and applied the relevant patch.,Medium,Incident
ransomware ticket,ongoing ransomware flapping; brute force erratic at multiple sites; ransomware unstable,Security,Contained the threat; removed the malicious artifact and applied the relevant patch.,Medium,Incident
intrusion report,monitoring flagged intrusion unresponsive; threat actor intermittent after the upgrade; intrusion failing,Security,Contained the threat; removed the malicious artifact and applied the relevant patch.,Medium,Incident
malware fault,escalated because malware intermittent; suspicious login delayed after the upgrade; malware stalling,Security,Contained the threat; removed the malicious artifact and applied the relevant patch.,Medium,Incident
unauthorized access issue,noticed that unauthorized access degraded; credential theft unresponsive in a branch office; unauthorized access erratic,Security,Contained the threat; removed the malicious artifact and applied the relevant patch.,Medium,Incident
suspicious login request,monitoring flagged suspicious login unstable; credential theft flapping during the night shift; suspicious login intermittent,Security,Contained the threat; removed the malicious artifact and applied the relevant patch.,Medium,Incident
unauthorized access case,tracking unauthorized access unstable; suspicious login recurring across several users; unauthorized access degraded,Security,Contained the threat; removed the malicious artifact and applied the relevant patch.,Medium,Incident
brute force ticket,we are seeing brute force delayed; ransomware unresponsive after the upgrade; brute force degraded,Security,Contained the threat; removed the malicious artifact and applied the relevant patch.,Medium,Incident
suspicious login issue,noticed that suspicious login stalling; intrusion degraded during the night shift; suspicious login degraded,Security,Contained the threat; removed the malicious artifact and applied the relevant patch.,Medium,Incident
unauthorized access ticket,escalated because unauthorized access intermittent; ransomware delayed across several users; unauthorized access failing,Security,Contained the threat; removed the malicious artifact and applied the relevant patch.,Medium,Incident
malware case,tracking malware erratic; threat actor flapping at multiple sites; malware stalling,Security,Contained the threat; removed the malicious artifact and applied the relevant patch.,Medium,Incident
suspicious login issue,noticed that suspicious login unresponsive; phishing degraded after the upgrade; suspicious login unstable,Security,Contained the threat; removed the malicious artifact and applied the relevant patch.,Medium,Incident
unauthorized access issue,escalated because unauthorized access degraded; exploit attempt delayed in one department; unauthorized access intermittent,Security,Contained the threat; removed the malicious artifact and applied the relevant patch.,Medium,Incident
unauthorized access request,users report unauthorized access unstable; vulnerability unstable in one department; unauthorized access failing,Security,Contained the threat; removed the malicious artifact and applied the relevant patch.,Medium,Incident
vulnerability fault,vulnerability flapping; malware unstable in a branch office; vulnerability degraded,Security,Contained the threat; removed the malicious artifact and applied the relevant patch.,Medium,Incident
ransomware ticket,we are seeing ransomware unstable; unauthorized access intermittent after the upgrade; ransomware failing,Security,Contained the threat; removed the malicious artifact and applied the relevant patch.,Medium,Incident
exploit attempt request,ongoing exploit attempt delayed; phishing degraded after the upgrade; exploit attempt flapping,Security,Contained the threat; removed the malicious artifact and applied the relevant patch.,Medium,Incident
phishing issue,we are seeing phishing failing; credential theft flapping in production; phishing intermittent,Security,Contained the threat; removed the malicious artifact and applied the relevant patch.,Medium,Incident
brute force issue,brute force failing; exploit attempt flapping in production; brute force failing,Security,Contained the threat; removed the malicious artifact and applied the relevant patch.,Medium,Incident
brute force case,monitoring flagged brute force degraded; threat actor intermittent in one department; brute force degraded,Security,Contained the threat; removed the malicious artifact and applied the relevant patch.,Medium,Incident
phishing fault,we are seeing phishing degraded; suspicious login stalling at multiple sites; phishing stalling,Security,Contained the threat; removed the malicious artifact and applied the relevant patch.,Medium,Incident
intrusion report,users report intrusion degraded; suspicious login intermittent in production; intrusion intermittent,Security,Contained the threat; removed the malicious artifact and applied the relevant patch.,Medium,Incident
cve issue,tracking cve flapping; ransomware stalling at multiple sites; cve failing,Security,Contained the threat; removed the malicious artifact and applied the relevant patch.,Medium,Incident
unauthorized access issue,unauthorized access unresponsive; brute force recurring for the team; unauthorized access stalling,Security,Contained the threat; removed the malicious artifact and applied the relevant patch.,Medium,Incident
brute force ticket,monitoring flagged brute force recurring; suspicious login erratic in a branch office; brute force degraded,Security,Contained the threat; removed the malicious artifact and applied the relevant patch.,Medium,Incident
malware ticket,monitoring flagged malware flapping; credential theft unstable in production; malware stalling,Security,Contained the threat; removed the malicious artifact and applied the relevant patch.,Medium,Incident
threat actor issue,escalated because threat actor stalling; unauthorized access failing during the night shift; threat actor recurring,Security,Contained the threat; removed the malicious artifact and applied the relevant patch.,Medium,Incident
intrusion case,intrusion intermittent; threat actor delayed at multiple sites; intrusion recurring,Security,Contained the threat; removed the malicious artifact and applied the relevant patch.,Medium,Incident
phishing request,tracking phishing degraded; credential theft unresponsive at multiple sites; phishing intermittent,Security,Contained the threat; removed the malicious artifact and applied the relevant patch.,Medium,Incident
credential theft issue,ongoing credential theft unstable; malware stalling at multiple sites; credential theft erratic,Security,Contained the threat; removed the malicious artifact and applied the relevant patch.,Medium,Incident
ransomware alert,escalated because ransomware failing; suspicious login intermittent in production; ransomware recurring,Security,Contained the threat; removed the malicious artifact and applied the relevant patch.,Medium,Incident
ransomware ticket,ongoing ransomware failing; vulnerability delayed across several users; ransomware flapping,Security,Contained the threat; removed the malicious artifact and applied the relevant patch.,Medium,Incident
brute force ticket,brute force intermittent; cve intermittent at multiple sites; brute force delayed,Security,Contained the threat; removed the malicious artifact and applied the relevant patch.,Medium,Incident
threat actor fault,monitoring flagged threat actor flapping; brute force delayed after the upgrade; threat actor stalling,Security,Contained the threat; removed the malicious artifact and applied the relevant patch.,Medium,Incident
threat actor issue,threat actor erratic; phishing degraded in one department; threat actor intermittent,Security,Contained the threat; removed the malicious artifact and applied the relevant patch.,Medium,Incident
brute force issue,we are seeing brute force unstable; ransomware recurring at multiple sites; brute force delayed,Security,Contained the threat; removed the malicious artifact and applied the relevant patch.,Medium,Incident
intrusion report,we are seeing intrusion erratic; malware unresponsive at multiple sites; intrusion unstable,Security,Contained the threat; removed the malicious artifact and applied the relevant patch.,Medium,Incident
suspicious login fault,escalated because suspicious login intermittent; ransomware unresponsive at multiple sites; suspicious login unresponsive,Security,Contained the threat; removed the malicious artifact and applied the relevant patch.,Medium,Incident
vulnerability issue,monitoring flagged vulnerability stalling; unauthorized access flapping after the upgrade; vulnerability flapping,Security,Contained the threat; removed the malicious artifact and applied the relevant patch.,Medium,Incident
unauthorized access fault,escalated because unauthorized access recurring; suspicious login flapping across several users; unauthorized access unstable,Security,Contained the threat; removed the malicious artifact and applied the relevant patch.,Medium,Incident
suspicious login request,monitoring flagged suspicious login degraded; exploit attempt unresponsive in one department; suspicious login recurring,Security,Contained the threat; removed the malicious artifact and applied the relevant patch.,Medium,Incident
vulnerability report,tracking vulnerability unresponsive; suspicious login erratic after the upgrade; vulnerability unresponsive,Security,Contained the threat; removed the malicious artifact and applied the relevant patch.,Medium,Incident
malware alert,we are seeing malware erratic; cve intermittent across several users; malware unstable,Security,Contained the threat; removed the malicious artifact and applied the relevant patch.,Medium,Incident
phishing case,tracking phishing stalling; intrusion erratic during the night shift; phishing flapping,Security,Contained the threat; removed the malicious artifact and applied the relevant patch.,Medium,Incident
exploit attempt report,users report exploit attempt erratic; cve unresponsive during the night shift; exploit attempt recurring,Security,Contained the threat; removed the malicious artifact and applied the relevant patch.,Medium,Incident
phishing report,tracking phishing recurring; malware unstable in a branch office; phishing intermittent,Security,Contained the threat; removed the malicious artifact and applied the relevant patch.,Medium,Incident
exploit attempt fault,tracking exploit attempt erratic; cve stalling during the night shift; exploit attempt failing,Security,Contained the threat; removed the malicious artifact and applied the relevant patch.,Medium,Incident
exploit attempt alert,exploit attempt erratic; brute force failing in one department; exploit attempt stalling,Security,Contained the threat; removed the malicious artifact and applied the relevant patch.,Medium,Incident
vulnerability report,monitoring flagged vulnerability unstable; credential theft unresponsive across several users; vulnerability intermittent,Security,Contained the threat; removed the malicious artifact and applied the relevant patch.,Medium,Incident
malware case,users report malware flapping; exploit attempt flapping at multiple sites; malware recurring,Security,Contained the threat; removed the malicious artifact and applied the relevant patch.,Medium,Incident
suspicious login request,tracking suspicious login flapping; ransomware unresponsive in a branch office; suspicious login unresponsive,Security,Contained the threat; removed the malicious artifact and applied the relevant patch.,Medium,Incident
exploit attempt request,noticed that exploit attempt degraded; suspicious login degraded in one department; exploit attempt recurring,Security,Contained the threat; removed the malicious artifact and applied the relevant patch.,Medium,Incident
vulnerability case,monitoring flagged vulnerability flapping; brute force unresponsive after the upgrade; vulnerability failing,Security,Contained the threat; removed the malicious artifact and applied the relevant patch.,Medium,Incident
phishing issue,ongoing phishing flapping; malware delayed during the night shift; phishing flapping,Security,Contained the threat; removed the malicious artifact and applied the relevant patch.,Medium,Incident
ransomware ticket,escalated because ransomware unstable; exploit attempt unstable in one department; ransomware intermittent,Security,Contained the threat; removed the malicious artifact and applied the relevant patch.,Medium,Incident
intrusion report,we are seeing intrusion recurring; malware intermittent across several users; intrusion unstable,Security,Contained the threat; removed the malicious artifact and applied the relevant patch.,Medium,Incident
exploit attempt request,escalated because exploit attempt intermittent; ransomware unresponsive for the team; exploit attempt flapping,Security,Contained the threat; removed the malicious artifact and applied the relevant patch.,Medium,Incident
threat actor issue,users report threat actor unresponsive; ransomware degraded in a branch office; threat actor flapping,Security,Contained the threat; removed the malicious artifact and applied the relevant patch.,Medium,Incident
malware issue,escalated because malware recurring; cve intermittent for the team; malware erratic,Security,Contained the threat; removed the malicious artifact and applied the relevant patch.,Medium,Incident
phishing ticket,users report phishing failing; exploit attempt recurring at multiple sites; phishing failing,Security,Contained the threat; removed the malicious artifact and applied the relevant patch.,Medium,Incident
intrusion report,escalated because intrusion recurring; phishing delayed after the upgrade; intrusion unresponsive,Security,Contained the threat; removed the malicious artifact and applied the relevant patch.,Medium,Incident
cve report,noticed that cve stalling; credential theft stalling at multiple sites; cve stalling,Security,Contained the threat; removed the malicious artifact and applied the relevant patch.,Medium,Incident
cve report,noticed that cve flapping; threat actor recurring in production; cve failing,Security,Contained the threat; removed the malicious artifact and applied the relevant patch.,Medium,Incident
malware report,users report malware flapping; phishing unstable in a branch office; malware failing,Security,Contained the threat; removed the malicious artifact and applied the relevant patch.,Medium,Incident
exploit attempt ticket,tracking exploit attempt erratic; brute force recurring at multiple sites; exploit attempt erratic,Security,Contained the threat; removed the malicious artifact and applied the relevant patch.,Medium,Incident
phishing request,phishing stalling; threat actor failing in production; phishing stalling,Security,Contained the threat; removed the malicious artifact and applied the relevant patch.,Medium,Incident
threat actor alert,users report threat actor recurring; unauthorized access erratic in production; threat actor flapping,Security,Contained the threat; removed the malicious artifact and applied the relevant patch.,Medium,Incident
suspicious login case,we are seeing suspicious login degraded; unauthorized access flapping in one department; suspicious login unresponsive,Security,Contained the threat; removed the malicious artifact and applied the relevant patch.,Medium,Incident
intrusion request,escalated because intrusion delayed; credential theft failing for the team; intrusion unstable,Security,Contained the threat; removed the malicious artifact and applied the relevant patch.,Medium,Incident
vulnerability fault,users report vulnerability erratic; threat actor unstable after the upgrade; vulnerability erratic,Security,Contained the threat; removed the malicious artifact and applied the relevant patch.,Medium,Incident
threat actor alert,users report threat actor intermittent; intrusion intermittent for the team; threat actor unstable,Security,Contained the threat; removed the malicious artifact and applied the relevant patch.,Medium,Incident
suspicious login alert,we are seeing suspicious login stalling; phishing flapping in a branch office; suspicious login unresponsive,Security,Contained the threat; removed the malicious artifact and applied the relevant patch.,Medium,Incident
threat actor case,escalated because threat actor degraded; unauthorized access unstable for the team; threat actor delayed,Security,Contained the threat; removed the malicious artifact and applied the relevant patch.,Medium,Incident
exploit attempt request,users report exploit attempt intermittent; cve recurring in production; exploit attempt recurring,Security,Contained the threat; removed the malicious artifact and applied the relevant patch.,Medium,Incident
suspicious login case,we are seeing suspicious login delayed; exploit attempt flapping in a branch office; suspicious login intermittent,Security,Contained the threat; removed the malicious artifact and applied the relevant patch.,Medium,Incident
malware issue,we are seeing malware degraded; vulnerability degraded for the team; malware stalling,Security,Contained the threat; removed the malicious artifact and applied the relevant patch.,Medium,Incident
credential theft alert,credential theft stalling; cve flapping in a branch office; credential theft recurring,Security,Contained the threat; removed the malicious artifact and applied the relevant patch.,Medium,Incident
phishing fault,noticed that phishing intermittent; credential theft flapping in production; phishing flapping,Security,Contained the threat; removed the malicious artifact and applied the relevant patch.,Medium,Incident
threat actor fault,users report threat actor recurring; ransomware recurring during the night shift; threat actor intermittent,Security,Contained the threat; removed the malicious artifact and applied the relevant patch.,Medium,Incident
phishing request,ongoing phishing erratic; intrusion stalling at multiple sites; phishing unstable,Security,Contained the threat; removed the malicious artifact and applied the relevant patch.,Medium,Incident
unauthorized access report,monitoring flagged unauthorized access unstable; threat actor recurring across several users; unauthorized access unresponsive,Security,Contained the threat; removed the malicious artifact and applied the relevant patch.,Medium,Incident
credential theft ticket,escalated because credential theft delayed; cve degraded at multiple sites; credential theft unresponsive,Security,Contained the threat; removed the malicious artifact and applied the relevant patch.,Medium,Incident
unauthorized access case,monitoring flagged unauthorized access flapping; vulnerability failing at multiple sites; unauthorized access stalling,Security,Contained the threat; removed the malicious artifact and applied the relevant patch.,Medium,Incident
exploit attempt case,tracking exploit attempt failing; brute force unstable in a branch office; exploit attempt erratic,Security,Contained the threat; removed the malicious artifact and applied the relevant patch.,Medium,Incident
threat actor issue,tracking threat actor delayed; ransomware flapping after the upgrade; threat actor stalling,Security,Contained the threat; removed the malicious artifact and applied the relevant patch.,Medium,Incident
cve report,ongoing cve degraded; suspicious login delayed at multiple sites; cve unresponsive,Security,Contained the threat; removed the malicious artifact and applied the relevant patch.,Medium,Incident
exploit attempt report,exploit attempt degraded; intrusion unstable in a branch office; exploit attempt stalling,Security,Contained the threat; removed the malicious artifact and applied the relevant patch.,Medium,Incident
unauthorized access alert,escalated because unauthorized access recurring; threat actor unstable in a branch office; unauthorized access erratic,Security,Contained the threat; removed the malicious artifact and applied the relevant patch.,Medium,Incident
ransomware alert,users report ransomware intermittent; brute force failing in one department; ransomware stalling,Security,Contained the threat; removed the malicious artifact and applied the relevant patch.,Medium,Incident
suspicious login case,noticed that suspicious login unstable; exploit attempt failing after the upgrade; suspicious login degraded,Security,Contained the threat; removed the malicious artifact and applied the relevant patch.,Medium,Incident
ransomware issue,tracking ransomware delayed; phishing stalling in one department; ransomware recurring,Security,Contained the threat; removed the malicious artifact and applied the relevant patch.,Medium,Incident
threat actor alert,tracking threat actor failing; suspicious login degraded after the upgrade; threat actor intermittent,Security,Contained the threat; removed the malicious artifact and applied the relevant patch.,Medium,Incident
vulnerability alert,tracking vulnerability flapping; credential theft degraded in a branch office; vulnerability erratic,Security,Contained the threat; removed the malicious artifact and applied the relevant patch.,Medium,Incident
threat actor report,users report threat actor stalling; exploit attempt failing for the team; threat actor degraded,Security,Contained the threat; removed the malicious artifact and applied the relevant patch.,Medium,Incident
malware case,escalated because malware delayed; unauthorized access intermittent in a branch office; malware failing,Security,Contained the threat; removed the malicious artifact and applied the relevant patch.,Medium,Incident
exploit attempt request,escalated because exploit attempt recurring; malware unstable during the night shift; exploit attempt flapping,Security,Contained the threat; removed the malicious artifact and applied the relevant patch.,Medium,Incident
vulnerability alert,monitoring flagged vulnerability degraded; credential theft stalling during the night shift; vulnerability degraded,Security,Contained the threat; removed the malicious artifact and applied the relevant patch.,Medium,Incident
exploit attempt report,escalated because exploit attempt delayed; phishing delayed for the team; exploit attempt delayed,Security,Contained the threat; removed the malicious artifact and applied the relevant patch.,Medium,Incident
intrusion fault,monitoring flagged intrusion degraded; credential theft intermittent in one department; intrusion degraded,Security,Contained the threat; removed the malicious artifact and applied the relevant patch.,Medium,Incident
phishing report,monitoring flagged phishing stalling; intrusion degraded at multiple sites; phishing failing,Security,Contained the threat; removed the malicious artifact and applied the relevant patch.,Medium,Incident
threat actor issue,users report threat actor delayed; ransomware unresponsive for the team; threat actor failing,Security,Contained the threat; removed the malicious artifact and applied the relevant patch.,Medium,Incident
intrusion ticket,intrusion delayed; vulnerability unstable at multiple sites; intrusion flapping,Security,Contained the threat; removed the malicious artifact and applied the relevant patch.,Medium,Incident
vulnerability fault,monitoring flagged vulnerability unresponsive; phishing delayed after the upgrade; vulnerability erratic,Security,Contained the threat; removed the malicious artifact and applied the relevant patch.,Medium,Incident
exploit attempt fault,we are seeing exploit attempt stalling; cve recurring for the team; exploit attempt delayed,Security,Contained the threat; removed the malicious artifact and applied the relevant patch.,Medium,Incident
threat actor alert,ongoing threat actor failing; phishing intermittent at multiple sites; threat actor unstable,Security,Contained the threat; removed the malicious artifact and applied the relevant patch.,Medium,Incident
ransomware fault,ongoing ransomware intermittent; credential theft recurring in one department; ransomware stalling,Security,Contained the threat; removed the malicious artifact and applied the relevant patch.,Medium,Incident
exploit attempt report,ongoing exploit attempt degraded; credential theft delayed during the night shift; exploit attempt unresponsive,Security,Contained the threat; removed the malicious artifact and applied the relevant patch.,Medium,Incident
threat actor report,tracking threat actor erratic; ransomware degraded in one department; threat actor unresponsive,Security,Contained the threat; removed the malicious artifact and applied the relevant patch.,Medium,Incident
intrusion issue,monitoring flagged intrusion unresponsive; brute force intermittent during the night shift; intrusion stalling,Security,Contained the threat; removed the malicious artifact and applied the relevant patch.,Medium,Incident
ransomware request,we are seeing ransomware flapping; cve flapping for the team; ransomware failing,Security,Contained the threat; removed the malicious artifact and applied the relevant patch.,Medium,Incident
vulnerability fault,users report vulnerability degraded; malware delayed in production; vulnerability flapping,Security,Contained the threat; removed the malicious artifact and applied the relevant patch.,Medium,Incident
threat actor ticket,we are seeing threat actor stalling; malware unresponsive in a branch office; threat actor unstable,Security,Contained the threat; removed the malicious artifact and applied the relevant patch.,Medium,Incident
phishing report,users report phishing intermittent; malware flapping in one department; phishing degraded,Security,Contained the threat; removed the malicious artifact and applied the relevant patch.,Medium,Incident
intrusion fault,noticed that intrusion erratic; vulnerability degraded in a branch office; intrusion delayed,Security,Contained the threat; removed the malicious artifact and applied the relevant patch.,Medium,Incident
intrusion fault,noticed that intrusion degraded; vulnerability failing during the night shift; intrusion unstable,Security,Contained the threat; removed the malicious artifact and applied the relevant patch.,Medium,Incident
ransomware request,tracking ransomware delayed; cve delayed after the upgrade; ransomware recurring,Security,Contained the threat; removed the malicious artifact and applied the relevant patch.,Medium,Incident
credential theft ticket,monitoring flagged credential theft failing; ransomware delayed in one department; credential theft unstable,Security,Contained the threat; removed the malicious artifact and applied the relevant patch.,Medium,Incident
suspicious login case,we are seeing suspicious login unresponsive; credential theft failing during the night shift; suspicious login stalling,Security,Contained the threat; removed the malicious artifact and applied the relevant patch.,Medium,Incident
exploit attempt alert,ongoing exploit attempt erratic; unauthorized access stalling in a branch office; exploit attempt erratic,Security,Contained the threat; removed the malicious artifact and applied the relevant patch.,Medium,Incident
suspicious login case,ongoing suspicious login intermittent; intrusion unresponsive during the night shift; suspicious login degraded,Security,Contained the threat; removed the malicious artifact and applied the relevant patch.,Medium,Incident
cve case,users report cve degraded; malware degraded in one department; cve intermittent,Security,Contained the threat; removed the malicious artifact and applied the relevant patch.,Medium,Incident
credential theft issue,credential theft unresponsive; phishing delayed during the night shift; credential theft erratic,Security,Contained the threat; removed the malicious artifact and applied the relevant patch.,Medium,Incident
threat actor case,users report threat actor unstable; intrusion erratic during the night shift; threat actor erratic,Security,Contained the threat; removed the malicious artifact and applied the relevant patch.,Medium,Incident
phishing alert,noticed that phishing failing; credential theft flapping at multiple sites; phishing delayed,Security,Contained the threat; removed the malicious artifact and applied the relevant patch.,Medium,Incident
exploit attempt request,escalated because exploit attempt delayed; threat actor recurring in one department; exploit attempt failing,Security,Contained the threat; removed the malicious artifact and applied the relevant patch.,Medium,Incident
threat actor alert,monitoring flagged threat actor unstable; intrusion degraded in production; threat actor stalling,Security,Contained the threat; removed the malicious artifact and applied the relevant patch.,Medium,Incident
phishing report,users report phishing flapping; suspicious login unstable in production; phishing stalling,Security,Contained the threat; removed the malicious artifact and applied the relevant patch.,Medium,Incident
threat actor request,ongoing threat actor delayed; brute force degraded after the upgrade; threat actor unresponsive,Security,Contained the threat; removed the malicious artifact and applied the relevant patch.,Medium,Incident
vulnerability alert,we are seeing vulnerability failing; exploit attempt recurring in a branch office; vulnerability flapping,Security,Contained the threat; removed the malicious artifact and applied the relevant patch.,Medium,Incident
threat actor request,escalated because threat actor failing; intrusion erratic across several users; threat actor recurring,Security,Contained the threat; removed the malicious artifact and applied the relevant patch.,Medium,Incident
cve fault,noticed that cve erratic; phishing stalling for the team; cve unresponsive,Security,Contained the threat; removed the malicious artifact and applied the relevant patch.,Medium,Incident
phishing case,phishing unstable; cve flapping for the team; phishing stalling,Security,Contained the threat; removed the malicious artifact and applied the relevant patch.,Medium,Incident
suspicious login alert,monitoring flagged suspicious login degraded; unauthorized access delayed during the night shift; suspicious login delayed,Security,Contained the threat; removed the malicious artifact and applied the relevant patch.,Medium,Incident
malware issue,escalated because malware unstable; unauthorized access unresponsive during the night shift; malware intermittent,Security,Contained the threat; removed the malicious artifact and applied the relevant patch.,Medium,Incident
cve ticket,ongoing cve flapping; vulnerability unstable for the team; cve delayed,Security,Contained the threat; removed the malicious artifact and applied the relevant patch.,Medium,Incident
unauthorized access request,noticed that unauthorized access erratic; threat actor unstable during the night shift; unauthorized access unstable,Security,Contained the threat; removed the malicious artifact and applied the relevant patch.,Medium,Incident
phishing request,ongoing phishing intermittent; cve degraded across several users; phishing intermittent,Security,Contained the threat; removed the malicious artifact and applied the relevant patch.,Medium,Incident
ransomware report,we are seeing ransomware stalling; suspicious login failing after the upgrade; ransomware unstable,Security,Contained the threat; removed the malicious artifact and applied the relevant patch.,Medium,Incident
threat actor issue,escalated because threat actor flapping; vulnerability erratic in one department; threat actor delayed,Security,Contained the threat; removed the malicious artifact and applied the relevant patch.,Medium,Incident
cve fault,users report cve flapping; suspicious login unstable across several users; cve degraded,Security,Contained the threat; removed the malicious artifact and applied the relevant patch.,Medium,Incident
ransomware ticket,ransomware delayed; exploit attempt failing in production; ransomware intermittent,Security,Contained the threat; removed the malicious artifact and applied the relevant patch.,Medium,Incident
suspicious login case,ongoing suspicious login failing; credential theft flapping in a branch office; suspicious login erratic,Security,Contained the threat; removed the malicious artifact and applied the relevant patch.,Medium,Incident
unauthorized access request,monitoring flagged unauthorized access flapping; malware intermittent in one department; unauthorized access recurring,Security,Contained the threat; removed the malicious artifact and applied the relevant patch.,Medium,Incident
brute force request,tracking brute force degraded; vulnerability unresponsive at multiple sites; brute force intermittent,Security,Contained the threat; removed the malicious artifact and applied the relevant patch.,Medium,Incident
unauthorized access case,we are seeing unauthorized access delayed; malware recurring in one department; unauthorized access unstable,Security,Contained the threat; removed the malicious artifact and applied the relevant patch.,Medium,Incident
brute force alert,we are seeing brute force flapping; malware failing in one department; brute force unresponsive,Security,Contained the threat; removed the malicious artifact and applied the relevant patch.,Medium,Incident
suspicious login fault,tracking suspicious login intermittent; phishing degraded during the night shift; suspicious login failing,Security,Contained the threat; removed the malicious artifact and applied the relevant patch.,Medium,Incident
intrusion case,tracking intrusion intermittent; vulnerability intermittent after the upgrade; intrusion stalling,Security,Contained the threat; removed the malicious artifact and applied the relevant patch.,Medium,Incident
phishing report,ongoing phishing failing; intrusion unresponsive in production; phishing degraded,Security,Contained the threat; removed the malicious artifact and applied the relevant patch.,Medium,Incident
vulnerability case,vulnerability flapping; cve intermittent in one department; vulnerability stalling,Security,Contained the threat; removed the malicious artifact and applied the relevant patch.,Medium,Incident
phishing issue,escalated because phishing stalling; exploit attempt intermittent in a branch office; phishing unresponsive,Security,Contained the threat; removed the malicious artifact and applied the relevant patch.,Medium,Incident
credential theft report,noticed that credential theft unstable; malware unresponsive in production; credential theft erratic,Security,Contained the threat; removed the malicious artifact and applied the relevant patch.,Medium,Incident
vulnerability issue,noticed that vulnerability failing; malware delayed in production; vulnerability unstable,Security,Contained the threat; removed the malicious artifact and applied the relevant patch.,Medium,Incident
exploit attempt case,noticed that exploit attempt recurring; cve delayed at multiple sites; exploit attempt recurring,Security,Contained the threat; removed the malicious artifact and applied the relevant patch.,Medium,Incident
threat actor alert,users report threat actor recurring; vulnerability flapping in one department; threat actor degraded,Security,Contained the threat; removed the malicious artifact and applied the relevant patch.,Medium,Incident
threat actor issue,we are seeing threat actor failing; credential theft recurring after the upgrade; threat actor intermittent,Security,Contained the threat; removed the malicious artifact and applied the relevant patch.,Medium,Incident
malware fault,escalated because malware recurring; exploit attempt stalling at multiple sites; malware unresponsive,Security,Contained the threat; removed the malicious artifact and applied the relevant patch.,Medium,Incident
intrusion issue,ongoing intrusion unstable; ransomware intermittent in production; intrusion flapping,Security,Contained the threat; removed the malicious artifact and applied the relevant patch.,Medium,Incident
cve case,escalated because cve degraded; unauthorized access flapping during the night shift; cve degraded,Security,Contained the threat; removed the malicious artifact and applied the relevant patch.,Medium,Incident
intrusion request,ongoing intrusion failing; exploit attempt unstable in one department; intrusion recurring,Security,Contained the threat; removed the malicious artifact and applied the relevant patch.,Medium,Incident
vulnerability fault,escalated because vulnerability failing; phishing intermittent for the team; vulnerability flapping,Security,Contained the threat; removed the malicious artifact and applied the relevant patch.,Medium,Incident
ransomware request,tracking ransomware delayed; unauthorized access flapping during the night shift; ransomware delayed,Security,Contained the threat; removed the malicious artifact and applied the relevant patch.,Medium,Incident
credential theft alert,we are seeing credential theft unstable; vulnerability failing across several users; credential theft unstable,Security,Contained the threat; removed the malicious artifact and applied the relevant patch.,Medium,Incident
intrusion fault,we are seeing intrusion delayed; unauthorized access unresponsive in a branch office; intrusion unresponsive,Security,Contained the threat; removed the malicious artifact and applied the relevant patch.,Medium,Incident
exploit attempt fault,exploit attempt degraded; vulnerability unstable at multiple sites; exploit attempt intermittent,Security,Contained the threat; removed the malicious artifact and applied the relevant patch.,Medium,Incident
vulnerability case,ongoing vulnerability unstable; phishing unresponsive across several users; vulnerability unstable,Security,Contained the threat; removed the malicious artifact and applied the relevant patch.,Medium,Incident
threat actor request,threat actor intermittent; brute force delayed in production; threat actor degraded,Security,Contained the threat; removed the malicious artifact and applied the relevant patch.,Medium,Incident
threat actor ticket,ongoing threat actor stalling; credential theft degraded in one department; threat actor delayed,Security,Contained the threat; removed the malicious artifact and applied the relevant patch.,Medium,Incident
suspicious login ticket,noticed that suspicious login stalling; credential theft failing at multiple sites; suspicious login failing,Security,Contained the threat; removed the malicious artifact and applied the relevant patch.,Medium,Incident
exploit attempt alert,users report exploit attempt unresponsive; vulnerability failing during the night shift; exploit attempt delayed,Security,Contained the threat; removed the malicious artifact and applied the relevant patch.,Medium,Incident
threat actor request,escalated because threat actor recurring; vulnerability delayed at multiple sites; threat actor intermittent,Security,Contained the threat; removed the malicious artifact and applied the relevant patch.,Medium,Incident
cve alert,escalated because cve recurring; vulnerability flapping at multiple sites; cve unstable,Security,Contained the threat; removed the malicious artifact and applied the relevant patch.,Medium,Incident
exploit attempt ticket,escalated because exploit attempt unstable; suspicious login erratic in one department; exploit attempt degraded,Security,Contained the threat; removed the malicious artifact and applied the relevant patch.,Medium,Incident
unauthorized access request,escalated because unauthorized access unstable; ransomware intermittent in one department; unauthorized access recurring,Security,Contained the threat; removed the malicious artifact and applied the relevant patch.,Medium,Incident
threat actor issue,tracking threat actor unresponsive; vulnerability unstable at multiple sites; threat actor unstable,Security,Contained the threat; removed the malicious artifact and applied the relevant patch.,Medium,Incident
malware issue,tracking malware flapping; ransomware intermittent for the team; malware erratic,Security,Contained the threat; removed the malicious artifact and applied the relevant patch.,Medium,Incident
exploit attempt alert,tracking exploit attempt failing; intrusion recurring during the night shift; exploit attempt degraded,Security,Contained the threat; removed the malicious artifact and applied the relevant patch.,Medium,Incident
phishing request,we are seeing phishing failing; malware failing for the team; phishing unstable,Security,Contained the threat; removed the malicious artifact and applied the relevant patch.,Medium,Incident
vulnerability case,users report vulnerability recurring; ransomware failing in production; vulnerability failing,Security,Contained the threat; removed the malicious artifact and applied the relevant patch.,Medium,Incident
exploit attempt alert,escalated because exploit attempt unstable; malware erratic in one department; exploit attempt recurring,Security,Contained the threat; removed the malicious artifact and applied the relevant patch.,Medium,Incident
vulnerability report,ongoing vulnerability unstable; cve intermittent for the team; vulnerability failing,Security,Contained the threat; removed the malicious artifact and applied the relevant patch.,Medium,Incident
phishing issue,tracking phishing delayed; exploit attempt unresponsive in one department; phishing degraded,Security,Contained the threat; removed the malicious artifact and applied the relevant patch.,Medium,Incident
phishing issue,monitoring flagged phishing intermittent; brute force flapping in production; phishing flapping,Security,Contained the threat; removed the malicious artifact and applied the relevant patch.,Medium,Incident
